ball,score,commentary,second_commentary,output_labels_primary,output_labels_secondary
19.6,2,"ellis to rinku singh ,  2 runsshort of a length outside-off , and swiped wide of long-on as rinku pinches two","nathan ellis to rinku singh , 2 runs , length ball , slammed to the left of long-on for a couple of runs  20 runs off the 20 over , india end with a whooping 235 runs ","['Bowler: ellis', 'Batsman: rinku singh', 'Runs: 2', 'Length: Length', 'Line: Outside-off', 'Shot Position: Long-on', 'Batsman: rinku singh']","['Bowler: nathan ellis', 'Batsman: rinku singh', 'Runs: 2', 'Length: Length', 'Shot Position: Long-on', 'Batsman: rinku singh']"
19.5,4,"ellis to rinku singh , four runshelps this past the keeper  opens the face of the bat pretty late at this high-ish full toss , which is wide of off  he just reaches out without any foot movement , playing between wade and short third","nathan ellis to rinku singh , four , full toss outside-off , rinku reaches out and just opens the bat face at the last moment to tickle it between keeper and short third for a boundary","['Bowler: ellis', 'Batsman: rinku singh', 'Outcome: Four', 'Length: Full', 'Outcome: Out', 'Length: Short', 'Batsman: rinku singh']","['Bowler: nathan ellis', 'Batsman: rinku singh', 'Outcome: Four', 'Length: Full', 'Line: Outside-off', 'Outcome: Out', 'Length: Short', 'Batsman: rinku singh']"
19.4,1,"ellis to tilak varma ,  1 runyorker length , angled in and dipping to finish on sixth stump  jammed to deep-point","nathan ellis to tilak varma , 1 run , wide yorker , dug out towards deep extra-cover","['Bowler: ellis', 'Batsman: tilak varma', 'Runs: 1', 'Length: Length', 'Shot Position: Deep-point', 'Batsman: tilak varma']","['Bowler: nathan ellis', 'Batsman: tilak varma', 'Runs: 1', 'Length: Yorker', 'Outcome: Out', 'Shot Position: Extra-cover', 'Batsman: tilak varma']"
19.3,6,"ellis to tilak varma ,  six runsjust beats the man at deep-point  the fielder moved to his left , but the ball barely went over him  ellis bowled on a length , angling it in but bowling wide of off  tilak presented the full face of the bat , and lofted with little effort","nathan ellis to tilak varma , six , full and quick outside-off , tilak varma slams it over sweeper cover for a six  used a lot of bottom hand power on that one , felt like he might be caught out to the deep fielder but the man could only see it sail over","['Bowler: ellis', 'Batsman: tilak varma', 'Outcome: Six', 'Field Activity: Bowled', 'Length: Length', 'Length: Full', 'Shot Position: Deep-point', 'Batsman: tilak varma']","['Bowler: nathan ellis', 'Batsman: tilak varma', 'Outcome: Six', 'Length: Full', 'Line: Outside-off', 'Outcome: Six', 'Outcome: Out', 'Shot Position: Cover', 'Batsman: tilak varma']"
19.3,6,"ellis to tilak varma ,  six runsjust beats the man at deep-point  the fielder moved to his left , but the ball barely went over him  ellis bowled on a length , angling it in but bowling wide of off  tilak presented the full face of the bat , and lofted with little effort","nathan ellis to tilak varma , wide , slower bouncer , a bit too high","['Bowler: ellis', 'Batsman: tilak varma', 'Outcome: Six', 'Field Activity: Bowled', 'Length: Length', 'Length: Full', 'Shot Position: Deep-point', 'Batsman: tilak varma']","['Bowler: nathan ellis', 'Batsman: tilak varma', 'Speed: Slower', 'Batsman: tilak varma']"
19.3,1w,"ellis to tilak varma , 1 widebowls a slower short ball , but it  too high  called first bouncer too , as ellis bowled short and around off , with tilak letting it go","nathan ellis to tilak varma , six , full and quick outside-off , tilak varma slams it over sweeper cover for a six  used a lot of bottom hand power on that one , felt like he might be caught out to the deep fielder but the man could only see it sail over","['Bowler: ellis', 'Batsman: tilak varma', 'Runs: 1', 'Speed: Slower', 'Length: Short', 'Field Activity: Bowled', 'Length: Short', 'Batsman: tilak varma']","['Bowler: nathan ellis', 'Batsman: tilak varma', 'Outcome: Six', 'Length: Full', 'Line: Outside-off', 'Outcome: Six', 'Outcome: Out', 'Shot Position: Cover', 'Batsman: tilak varma']"
19.3,1w,"ellis to tilak varma , 1 widebowls a slower short ball , but it  too high  called first bouncer too , as ellis bowled short and around off , with tilak letting it go","nathan ellis to tilak varma , wide , slower bouncer , a bit too high","['Bowler: ellis', 'Batsman: tilak varma', 'Runs: 1', 'Speed: Slower', 'Length: Short', 'Field Activity: Bowled', 'Length: Short', 'Batsman: tilak varma']","['Bowler: nathan ellis', 'Batsman: tilak varma', 'Speed: Slower', 'Batsman: tilak varma']"
19.2,W,"ellis to gaikwad , outtaken at long-on  another slower ball from ellis , although the length was pretty much ideal for the hoick across the line , and over long-on  but there was little timing there , as the ball went to long-on , where david took it over his head with a reverse cupruturaj gaikwad c david b ellis 58  43b 3x4 2x6 100m  sr: 134 88","nathan ellis to gaikwad , out caught by tim david   slower delivery , was in the slot but ruturaj couldn't get the desired power on that shot  a big swing across the line but holes out to long-on  gaikwad c tim david b nathan ellis 58 43  [4s-3 6s-2]","['Bowler: ellis', 'Batsman: gaikwad', 'Speed: Slower', 'Length: Length', 'Shot Position: Long-on', 'Batsman: gaikwad']","['Bowler: nathan ellis', 'Batsman: gaikwad', 'Outcome: Out', 'Speed: Slower', 'Outcome: Out', 'Shot Position: Long-on', 'Batsman: gaikwad']"
19.1,6,"ellis to gaikwad ,  six runsgaikwad joins the fun  six over the bowler  head  a slower ball on a fullish length outside-off , as he gets down early to have a launch with a flat bat","nathan ellis to gaikwad , six , back of the hand slower delivery , pitches right under ruturaj  bat as he waits for it to arrive and then heaves it down the ground for a straight six","['Bowler: ellis', 'Batsman: gaikwad', 'Outcome: Six', 'Outcome: Six', 'Speed: Slower', 'Length: Length', 'Line: Outside-off', 'Batsman: gaikwad']","['Bowler: nathan ellis', 'Batsman: gaikwad', 'Outcome: Six', 'Speed: Slower', 'Outcome: Six', 'Batsman: gaikwad']"
18.6,6,"abbott to rinku singh ,  six runspulled again over deep midwicket  abbott bowls short again , and keeps getting pounded  the ball was banged outside-off , and slammed hard over the boundary","abbott to rinku singh , six , short ball on leg , rinku pulls it over deep-mid-wicket into the stands  a six to end the over , 25 runs off it ","['Bowler: abbott', 'Batsman: rinku singh', 'Outcome: Six', 'Length: Short', 'Line: Outside-off', 'Shot Position: Midwicket', 'Batsman: rinku singh']","['Bowler: abbott', 'Batsman: rinku singh', 'Outcome: Six', 'Length: Short', 'Outcome: Six', 'Shot Position: Deep-mid-wicket', 'Batsman: rinku singh']"
18.5,4,"abbott to rinku singh , four runsmisfield by smith    and four more  should have ideally been a single  the ball was short and ended wide of off , as he swatted hard and far from his body  smith at mid-off failed to grab low , and the ball rolled away","abbott to rinku singh , four , a misfield and it is steve smith of all people   wonder if he  still reeling from the aftereffects of the world cup win celebration  hard length outside-off , slapped towards mid-off and smith lets it slide between his hands for a boundary","['Bowler: abbott', 'Batsman: rinku singh', 'Outcome: Four', 'Outcome: Four', 'Outcome: Single', 'Length: Short', 'Shot Position: Mid-off', 'Batsman: rinku singh']","['Bowler: abbott', 'Batsman: rinku singh', 'Outcome: Four', 'Field Activity: Misfield', 'Length: Length', 'Line: Outside-off', 'Field Activity: Slide', 'Shot Position: Mid-off', 'Batsman: rinku singh']"
18.4,4,"abbott to rinku singh , four runspulled between deep backward square and deep midwicket  short ball again from abbott - it pitched on middle and moved away towards off - even as there wasn't too much of room for rinku  but he rides the bounce and clubs that","abbott to rinku singh , four , banged short near the helmet , rinku very easily pulls it away to the right of deep-square into a vacant pocket of the ground for a boundary","['Bowler: abbott', 'Batsman: rinku singh', 'Outcome: Four', 'Length: Short', 'Shot Position: Midwicket', 'Batsman: rinku singh']","['Bowler: abbott', 'Batsman: rinku singh', 'Outcome: Four', 'Length: Short', 'Shot Position: Deep-square', 'Batsman: rinku singh']"
18.3,6,"abbott to rinku singh ,  six runslow full toss deposited over the bowler  head  excellently played  he reaches out for this low full toss , which is angling away and ending wide of off  the bat turns in his hands as he lofts away from his body , but the ball travels way beyond","abbott to rinku singh , six , low full toss , rinku just made a single movement of swinging through the line  didn't move any other muscle and didn't even bother running for that one  such was the conviction in that connection from the southpaw","['Bowler: abbott', 'Batsman: rinku singh', 'Outcome: Six', 'Length: Full', 'Outcome: Out', 'Length: Full', 'Batsman: rinku singh']","['Bowler: abbott', 'Batsman: rinku singh', 'Outcome: Six', 'Length: Full', 'Outcome: Single', 'Batsman: rinku singh']"
18.2,•,"abbott to rinku singh , no runshortish ball again , and just outside-off this time  rinku went to slash , but was beaten  the ball seemed to have come on very rapidly there","abbott to rinku singh , no run , pace off , back of length and angling away  rinku tried to slap it over point but the ball goes over his bat","['Bowler: abbott', 'Batsman: rinku singh', 'Line: Outside-off', 'Batsman: rinku singh']","['Bowler: abbott', 'Batsman: rinku singh', 'Speed: Pace', 'Length: Length', 'Shot Position: Point', 'Batsman: rinku singh']"
18.2,•,"abbott to rinku singh , no runshortish ball again , and just outside-off this time  rinku went to slash , but was beaten  the ball seemed to have come on very rapidly there","abbott to rinku singh , wide , cutter that goes very wide outside-off","['Bowler: abbott', 'Batsman: rinku singh', 'Line: Outside-off', 'Batsman: rinku singh']","['Bowler: abbott', 'Batsman: rinku singh', 'Line: Outside-off', 'Batsman: rinku singh']"
18.2,1w,"abbott to rinku singh , 1 widevery wide outside leg , as rinku lets this go  this was bowled fuller though","abbott to rinku singh , no run , pace off , back of length and angling away  rinku tried to slap it over point but the ball goes over his bat","['Bowler: abbott', 'Batsman: rinku singh', 'Runs: 1', 'Field Activity: Bowled', 'Batsman: rinku singh']","['Bowler: abbott', 'Batsman: rinku singh', 'Speed: Pace', 'Length: Length', 'Shot Position: Point', 'Batsman: rinku singh']"
18.2,1w,"abbott to rinku singh , 1 widevery wide outside leg , as rinku lets this go  this was bowled fuller though","abbott to rinku singh , wide , cutter that goes very wide outside-off","['Bowler: abbott', 'Batsman: rinku singh', 'Runs: 1', 'Field Activity: Bowled', 'Batsman: rinku singh']","['Bowler: abbott', 'Batsman: rinku singh', 'Line: Outside-off', 'Batsman: rinku singh']"
18.1,4,"abbott to rinku singh , four runspulled to deep midwicket  the ball is short from abbott , and angling across to end wide of off  but rinku fetches it from there , and finds the gap on the leg-side","abbott to rinku singh , four , length ball on off , pulled hard in front of square and beats the dive of deep-mid-wicket  rinku getting into his groove now","['Bowler: abbott', 'Batsman: rinku singh', 'Outcome: Four', 'Length: Short', 'Shot Position: Midwicket', 'Batsman: rinku singh']","['Bowler: abbott', 'Batsman: rinku singh', 'Outcome: Four', 'Length: Length', 'Field Activity: Dive', 'Shot Position: Deep-mid-wicket', 'Batsman: rinku singh']"
17.6,•,"ellis to gaikwad , no runfull length , and just outside-off , as gaikwad went to heave across the line but was beaten","nathan ellis to gaikwad , no run , full outside-off , goes under the bat as gaikwad tried a big swing across the line  first sign of that variable bounce we were promised during pitch report","['Bowler: ellis', 'Batsman: gaikwad', 'Length: Length', 'Line: Outside-off', 'Batsman: gaikwad']","['Bowler: nathan ellis', 'Batsman: gaikwad', 'Length: Full', 'Line: Outside-off', 'Batsman: gaikwad']"
17.5,1,"ellis to rinku singh ,  1 runshort of a length leg-stump , almost cramping him for room  punched to extra-cover","nathan ellis to rinku singh , 1 run , back of length and straight , rinku guides it towards covers for a single","['Bowler: ellis', 'Batsman: rinku singh', 'Runs: 1', 'Length: Length', 'Line: Leg-stump', 'Shot Position: Extra-cover', 'Batsman: rinku singh']","['Bowler: nathan ellis', 'Batsman: rinku singh', 'Runs: 1', 'Length: Length', 'Outcome: Single', 'Shot Position: Cover', 'Batsman: rinku singh']"
17.4,W,"ellis to suryakumar , outwell taken by stoinis  he moved to his left from extra-cover , all the while looking up at the ball while ending very close to the deep-point fielder  they almost had a mix-up , but stoinis did well in the end  ellis had bowled fullish and pretty wide of off , as surya reached out with a flat bat  but he ended up ballooning it up , beaten by the slower ballsuryakumar yadav c stoinis b ellis 19  10b 0x4 2x6 13m  sr: 190","nathan ellis to suryakumar yadav , out caught by stoinis   gone   end of an entertaining cameo from the indian skipper  smart from ellis to keep it well wide outside-off , beyond the hitting arc and tempting sky to chase it  he gets closer and tries to drive it but toe-ends it in the high  extra-cover runs backwards and completes a safe catch  suryakumar yadav c stoinis b nathan ellis 19 10  [6s-2]","['Bowler: ellis', 'Batsman: suryakumar', 'Field Activity: Bowled', 'Outcome: Out', 'Speed: Slower', 'Shot Position: Extra-cover', 'Batsman: suryakumar']","['Bowler: nathan ellis', 'Batsman: suryakumar yadav', 'Outcome: Out', 'Line: Outside-off', 'Shot Type: Drive', 'Field Activity: Catch', 'Shot Position: Extra-cover', 'Batsman: suryakumar yadav']"
17.3,2,"ellis to suryakumar ,  2 runslofts over mid-on , as ellis bowls another slower ball  but this is on a length around off , with surya spotting the fielder inside the circle","nathan ellis to suryakumar yadav , 2 runs , slower delivery , was pitched up  sky just about lifted it over mid-on for a couple of runs  didn't time it off the middle","['Bowler: ellis', 'Batsman: suryakumar', 'Runs: 2', 'Speed: Slower', 'Length: Length', 'Shot Position: Mid-on', 'Batsman: suryakumar']","['Bowler: nathan ellis', 'Batsman: suryakumar yadav', 'Runs: 2', 'Speed: Slower', 'Shot Position: Mid-on', 'Batsman: suryakumar yadav']"
17.3,2,"ellis to suryakumar ,  2 runslofts over mid-on , as ellis bowls another slower ball  but this is on a length around off , with surya spotting the fielder inside the circle","nathan ellis to suryakumar yadav , wide , bumper , a bit too high","['Bowler: ellis', 'Batsman: suryakumar', 'Runs: 2', 'Speed: Slower', 'Length: Length', 'Shot Position: Mid-on', 'Batsman: suryakumar']","['Bowler: nathan ellis', 'Batsman: suryakumar yadav', 'Batsman: suryakumar yadav']"
17.3,1w,"ellis to suryakumar , 1 widewide called , but i think this is good bowling  he saw surya step across , and bowled short around off stump  surya let it go , even as the height seemed to be too much","nathan ellis to suryakumar yadav , 2 runs , slower delivery , was pitched up  sky just about lifted it over mid-on for a couple of runs  didn't time it off the middle","['Bowler: ellis', 'Batsman: suryakumar', 'Runs: 1', 'Length: Good', 'Field Activity: Bowled', 'Length: Short', 'Batsman: suryakumar']","['Bowler: nathan ellis', 'Batsman: suryakumar yadav', 'Runs: 2', 'Speed: Slower', 'Shot Position: Mid-on', 'Batsman: suryakumar yadav']"
17.3,1w,"ellis to suryakumar , 1 widewide called , but i think this is good bowling  he saw surya step across , and bowled short around off stump  surya let it go , even as the height seemed to be too much","nathan ellis to suryakumar yadav , wide , bumper , a bit too high","['Bowler: ellis', 'Batsman: suryakumar', 'Runs: 1', 'Length: Good', 'Field Activity: Bowled', 'Length: Short', 'Batsman: suryakumar']","['Bowler: nathan ellis', 'Batsman: suryakumar yadav', 'Batsman: suryakumar yadav']"
17.2,1,"ellis to gaikwad ,  1 runellis turns around and runs forward , but the ball lands wide in front of him , where an imaginary mid-off fielder would have run forward  short ball from ellis to gaikwad , who looked to pull , but got that off the higher side of the bat","nathan ellis to gaikwad , 1 run , surprises the batter with a full pace bouncer  ruturaj late on the shot and top-egdes his pull but it falls safe between ellis and extra-cover","['Bowler: ellis', 'Batsman: gaikwad', 'Runs: 1', 'Length: Short', 'Shot Type: Pull', 'Shot Position: Mid-off', 'Batsman: gaikwad']","['Bowler: nathan ellis', 'Batsman: gaikwad', 'Runs: 1', 'Length: Full', 'Speed: Pace', 'Shot Type: Pull', 'Shot Position: Extra-cover', 'Batsman: gaikwad']"
17.1,2,"ellis to gaikwad ,  2 runsmisfield by short third to his right , and that allows gaikwad two  that is also his fifty  it was a slower ball on a length on sixth stump , as he slashed behind the wicket","nathan ellis to gaikwad , 2 runs , pace off , full and wide  ruturaj underedges his cut past the short third fielder who doesn't cover himself in glory with that effort  two runs taken and that  50 for gaikwad , a very controlled knock by the indian opener","['Bowler: ellis', 'Batsman: gaikwad', 'Runs: 2', 'Length: Short', 'Speed: Slower', 'Length: Length', 'Batsman: gaikwad']","['Bowler: nathan ellis', 'Batsman: gaikwad', 'Runs: 2', 'Speed: Pace', 'Length: Full', 'Shot Type: Cut', 'Length: Short', 'Shot Position: Cover', 'Batsman: gaikwad']"
16.6,•,"zampa to suryakumar , no runshort of a length just outside-off , and hacked on the bounce to point , where david goes low to his right to grab that","zampa to suryakumar yadav , no run , flat on off , cut towards point  well stopped by tim david","['Bowler: zampa', 'Batsman: suryakumar', 'Length: Length', 'Line: Outside-off', 'Shot Position: Point', 'Batsman: suryakumar']","['Bowler: zampa', 'Batsman: suryakumar yadav', 'Shot Type: Cut', 'Shot Position: Point', 'Batsman: suryakumar yadav']"
16.5,2,"zampa to suryakumar ,  2 runsshort ball on the stumps , with a hint of turn back in  punched aerially to long-off  left , as they pick two","zampa to suryakumar yadav , 2 runs , flat delivery on middle , punched down the ground and ruturaj had to duck under quickly to avoid a headshot  long-on cuts it off at the expense of a couple","['Bowler: zampa', 'Batsman: suryakumar', 'Runs: 2', 'Shot Position: Long-off', 'Batsman: suryakumar']","['Bowler: zampa', 'Batsman: suryakumar yadav', 'Runs: 2', 'Shot Position: Long-on', 'Batsman: suryakumar yadav']"
16.4,6,"zampa to suryakumar ,  six runsover the sightscreen  now uses his bottom hand to loft this length ball which is on a stump-to-stump line , only leaning into the shot to grab six more","zampa to suryakumar yadav , six , middle-stump-stump , sky holds his shape and lifts it straight as an arrow over zampa  head onto the sightscreens  six more and nobody is complaining","['Bowler: zampa', 'Batsman: suryakumar', 'Outcome: Six', 'Length: Length', 'Outcome: Six', 'Batsman: suryakumar']","['Bowler: zampa', 'Batsman: suryakumar yadav', 'Outcome: Six', 'Outcome: Six', 'Batsman: suryakumar yadav']"
16.3,•,"zampa to suryakumar , no runsurya also charges down looking to left , but gets an inside-edge on to his back pad as he went to loft at this length ball outside-off","zampa to suryakumar yadav , no run , pitched fuller and was the googly , suryakumar dances out for a big heave but edges it onto his pads","['Bowler: zampa', 'Batsman: suryakumar', 'Hit Type: Inside-edge', 'Length: Length', 'Line: Outside-off', 'Batsman: suryakumar']","['Bowler: zampa', 'Batsman: suryakumar yadav', 'Variation: Googly', 'Outcome: Out', 'Batsman: suryakumar yadav']"
16.2,1,"zampa to gaikwad ,  1 runskips down , with the ball ending up to very full for him on the stumps  flicked wide of long-on","zampa to gaikwad , 1 run , dances out and drives towards long-on for a single","['Bowler: zampa', 'Batsman: gaikwad', 'Runs: 1', 'Length: Full', 'Shot Position: Long-on', 'Batsman: gaikwad']","['Bowler: zampa', 'Batsman: gaikwad', 'Runs: 1', 'Outcome: Out', 'Outcome: Single', 'Shot Position: Long-on', 'Batsman: gaikwad']"
16.1,1,"zampa to suryakumar ,  1 runshort of a length , and skids through to middle-stump  punched to extra-cover","zampa to suryakumar yadav , 1 run , darts one through on a length , punched towards mid-off","['Bowler: zampa', 'Batsman: suryakumar', 'Runs: 1', 'Length: Length', 'Line: Middle-stump', 'Shot Position: Extra-cover', 'Batsman: suryakumar']","['Bowler: zampa', 'Batsman: suryakumar yadav', 'Runs: 1', 'Length: Length', 'Shot Position: Mid-off', 'Batsman: suryakumar yadav']"
15.6,1,"stoinis to suryakumar ,  1 runmakes room , but stoinis bowls a sharp short ball which is climbing rather considerably outside-off  surya guides it behind point","stoinis to suryakumar yadav , 1 run , back of length and offering no pace again  sky shuffles away to slash but underedges it towards short third","['Bowler: stoinis', 'Batsman: suryakumar', 'Runs: 1', 'Length: Short', 'Line: Outside-off', 'Shot Position: Point', 'Batsman: suryakumar']","['Bowler: stoinis', 'Batsman: suryakumar yadav', 'Runs: 1', 'Length: Length', 'Speed: Pace', 'Length: Short', 'Batsman: suryakumar yadav']"
15.5,1,"stoinis to gaikwad ,  1 runsweeps at this slower ball , which is a dipping , low full toss on middle and off  single to deep-square-leg","stoinis to gaikwad , 1 run , another slower delivery , ends as a low full toss , swept towards deep backward-square-leg","['Bowler: stoinis', 'Batsman: gaikwad', 'Runs: 1', 'Speed: Slower', 'Length: Full', 'Outcome: Single', 'Shot Position: Deep-square-leg', 'Batsman: gaikwad']","['Bowler: stoinis', 'Batsman: gaikwad', 'Runs: 1', 'Speed: Slower', 'Length: Full', 'Shot Position: Backward-square-leg', 'Batsman: gaikwad']"
15.4,1,"stoinis to suryakumar ,  1 runthe point fielder dives to his right and gets a hand , as surya hacks at this short ball outside-off  he has to get on top of the bounce of this one","stoinis to suryakumar yadav , 1 run , slower bounce , tapped towards point for a single","['Bowler: stoinis', 'Batsman: suryakumar', 'Runs: 1', 'Length: Short', 'Line: Outside-off', 'Shot Position: Point', 'Batsman: suryakumar']","['Bowler: stoinis', 'Batsman: suryakumar yadav', 'Runs: 1', 'Speed: Slower', 'Outcome: Single', 'Shot Position: Point', 'Batsman: suryakumar yadav']"
15.3,6,"stoinis to suryakumar ,  six runssix in typical surya fashion  uses his wrists to paddle-flick a six over fine-leg , as he gets across the stumps and launches this length ball outside leg","stoinis to suryakumar yadav , six , a first ball six for suryakumar yadav and no prizes for guessing which part of the ground he  hit that towards  a wayward full delivery going down leg , sky shimmies inwards and flicks it over fine-leg like it was the easiest thing to do in the world  what a start ","['Bowler: stoinis', 'Batsman: suryakumar', 'Outcome: Six', 'Outcome: Six', 'Length: Length', 'Shot Position: Fine-leg', 'Batsman: suryakumar']","['Bowler: stoinis', 'Batsman: suryakumar yadav', 'Outcome: Six', 'Outcome: Six', 'Length: Full', 'Shot Position: Fine-leg', 'Batsman: suryakumar yadav']"
15.2,W,"stoinis to ishan , outalthough he  gone , this looked so much like rishabh pant  he is standing deep in the crease , and throws his hands at a very wide ball - perhaps more than two sets of stumps away - even as he loses his bottom hand and falls on his back  stoinis had bowled on a length , getting it to angle across and finish extremely wide  the ball ended up travelling right to where deep-point was positionedishan kishan c ellis b stoinis 52  32b 3x4 4x6 45m  sr: 162 5see all photos","stoinis to ishan kishan , out caught by nathan ellis   another wide yorker , would have been called had kishan not played at it  falls over trying to swing at it , off the toe end and flies towards sweeper cover  finally , a wicket for australia but that means sky walks out to bat  ishan kishan c nathan ellis b stoinis 52 32  [4s-3 6s-4]","['Bowler: stoinis', 'Batsman: ishan', 'Field Activity: Bowled', 'Length: Length', 'Shot Position: Deep-point', 'Batsman: ishan']","['Bowler: stoinis', 'Batsman: ishan kishan', 'Outcome: Out', 'Length: Yorker', 'Outcome: Out', 'Shot Position: Cover', 'Batsman: ishan kishan']"
15.1,•,"stoinis to ishan , no runyorker length , and angling across to end wide of off  he reaches out and falls on his back , with the ball dragged to extra-cover","stoinis to ishan kishan , no run , wide yorker , kishan really reaches out to drive at that but hits it towards extra-cover  falls over and can't take the single","['Bowler: stoinis', 'Batsman: ishan', 'Length: Length', 'Outcome: Out', 'Shot Position: Extra-cover', 'Batsman: ishan']","['Bowler: stoinis', 'Batsman: ishan kishan', 'Length: Yorker', 'Outcome: Out', 'Shot Type: Drive', 'Outcome: Single', 'Shot Position: Extra-cover', 'Batsman: ishan kishan']"
14.6,2,"t sangha to gaikwad ,  2 runsshort of a length on the stumps , and turns away a bit  pulled to deep-square-leg for two more","sangha to gaikwad , 2 runs , flat delivery on middle , pulled to the right of deep-mid-wicket for a couple of runs  another big over for india","['Bowler: t sangha', 'Batsman: gaikwad', 'Runs: 2', 'Length: Length', 'Shot Position: Deep-square-leg', 'Batsman: gaikwad']","['Bowler: sangha', 'Batsman: gaikwad', 'Runs: 2', 'Shot Position: Deep-mid-wicket', 'Batsman: gaikwad']"
14.5,1,"t sangha to ishan ,  1 runnow makes room , and gets a short ball turning away to end outside-off  swatted to long-off","sangha to ishan kishan , 1 run , googly wide outside-off , slapped out towards long-off","['Bowler: t sangha', 'Batsman: ishan', 'Runs: 1', 'Length: Short', 'Line: Outside-off', 'Shot Position: Long-off', 'Batsman: ishan']","['Bowler: sangha', 'Batsman: ishan kishan', 'Runs: 1', 'Variation: Googly', 'Line: Outside-off', 'Outcome: Out', 'Shot Position: Long-off', 'Batsman: ishan kishan']"
14.4,6,"t sangha to ishan ,  six runsfifty for kishan  and another six keeps india motoring  again he stands across the stumps , gets a comfortable length ball , and hoicks it across over deep midwicketsee all photos","sangha to ishan kishan , six , googly on off , kishan picked it off the hand  shuffled in and go in line to give it a big swing across the line  power and elevation on that one , over cow-corner for six  that  50 for the southpaw","['Bowler: t sangha', 'Batsman: ishan', 'Outcome: Six', 'Outcome: Six', 'Length: Length', 'Batsman: ishan']","['Bowler: sangha', 'Batsman: ishan kishan', 'Outcome: Six', 'Variation: Googly', 'Outcome: Six', 'Shot Position: Cow-corner', 'Batsman: ishan kishan']"
14.3,1,"t sangha to gaikwad ,  1 runmisfield by stoinis at extra-cover allows a single , as gaikwad gets a high full toss outside-off , which he slashes back","sangha to gaikwad , 1 run , full toss outside-off , slammed towards extra-cover who fumbles  single taken","['Bowler: t sangha', 'Batsman: gaikwad', 'Runs: 1', 'Outcome: Single', 'Length: Full', 'Line: Outside-off', 'Shot Position: Extra-cover', 'Batsman: gaikwad']","['Bowler: sangha', 'Batsman: gaikwad', 'Runs: 1', 'Length: Full', 'Line: Outside-off', 'Outcome: Single', 'Shot Position: Extra-cover', 'Batsman: gaikwad']"
14.2,1,"t sangha to ishan ,  1 runskips down , and drills this length ball to long-off  left  smith does well to rush towards it","sangha to ishan kishan , 1 run , fired full and wide , kishan dances out and drills it towards long-off","['Bowler: t sangha', 'Batsman: ishan', 'Runs: 1', 'Length: Length', 'Shot Position: Long-off', 'Batsman: ishan']","['Bowler: sangha', 'Batsman: ishan kishan', 'Runs: 1', 'Length: Full', 'Outcome: Out', 'Shot Position: Long-off', 'Batsman: ishan kishan']"
14.1,6,"t sangha to ishan ,  six runssix over fine-leg  a full and free swing off a shortish ball , as kishan gets across the stumps early  the ball is on the shorter side of a length on the stumps , even as it turns in","sangha to ishan kishan , six , pitched fuller at the stumps at a gentle pace , too easy for ishan kishan who shimmies inwards and swings it through deep backward-square-leg for a maximum  he  carrying on from where he left off last game","['Bowler: t sangha', 'Batsman: ishan', 'Outcome: Six', 'Length: Full', 'Length: Length', 'Shot Position: Fine-leg', 'Batsman: ishan']","['Bowler: sangha', 'Batsman: ishan kishan', 'Outcome: Six', 'Speed: Pace', 'Shot Position: Backward-square-leg', 'Batsman: ishan kishan']"
13.6,1,"maxwell to ishan ,  1 runshort of a length , and pulled towards deep midwicket","maxwell to ishan kishan , 1 run , flat delivery on middle , pulled off the toe end tamely towards deep-mid-wicket  23 runs off the over , maxi having a day to forget","['Bowler: maxwell', 'Batsman: ishan', 'Runs: 1', 'Length: Length', 'Shot Position: Midwicket', 'Batsman: ishan']","['Bowler: maxwell', 'Batsman: ishan kishan', 'Runs: 1', 'Shot Position: Deep-mid-wicket', 'Batsman: ishan kishan']"
13.6,1,"maxwell to ishan ,  1 runshort of a length , and pulled towards deep midwicket","maxwell to gaikwad , no ball , 1 run , a loopy one , slips out the hand and ends above the waist outside-off  puzzled gaikwad who just pushed it beyond backward-point for a strike  kishan to face the free hit","['Bowler: maxwell', 'Batsman: ishan', 'Runs: 1', 'Length: Length', 'Shot Position: Midwicket', 'Batsman: ishan']","['Bowler: maxwell', 'Batsman: gaikwad', 'Runs: 1', 'Outcome: Out', 'Line: Outside-off', 'Shot Position: Slip', 'Batsman: gaikwad']"
13.6,2nb,"maxwell to gaikwad ,  no ball  1 runah , now a high full toss which dips around off but still ends up being called a no-ball on height  gaikwad slashed this to deep-point","maxwell to ishan kishan , 1 run , flat delivery on middle , pulled off the toe end tamely towards deep-mid-wicket  23 runs off the over , maxi having a day to forget","['Bowler: maxwell', 'Batsman: gaikwad', 'Runs: 1', 'Length: Full', 'Shot Position: Deep-point', 'Batsman: gaikwad']","['Bowler: maxwell', 'Batsman: ishan kishan', 'Runs: 1', 'Shot Position: Deep-mid-wicket', 'Batsman: ishan kishan']"
13.6,2nb,"maxwell to gaikwad ,  no ball  1 runah , now a high full toss which dips around off but still ends up being called a no-ball on height  gaikwad slashed this to deep-point","maxwell to gaikwad , no ball , 1 run , a loopy one , slips out the hand and ends above the waist outside-off  puzzled gaikwad who just pushed it beyond backward-point for a strike  kishan to face the free hit","['Bowler: maxwell', 'Batsman: gaikwad', 'Runs: 1', 'Length: Full', 'Shot Position: Deep-point', 'Batsman: gaikwad']","['Bowler: maxwell', 'Batsman: gaikwad', 'Runs: 1', 'Outcome: Out', 'Line: Outside-off', 'Shot Position: Slip', 'Batsman: gaikwad']"
13.5,6,"maxwell to gaikwad ,  six runsover long-on  gaikwad gets one away at last  another length ball outside-off from maxwell , as gaikwad waits before sweeping in front of the wicket  for one it seemed the fielder would be interested , but the ball was too high and far","maxwell to gaikwad , six , darted through on off , gaikwad gets down on one knee and flat bats his sweep over long-on for a maximum","['Bowler: maxwell', 'Batsman: gaikwad', 'Outcome: Six', 'Length: Length', 'Line: Outside-off', 'Shot Position: Long-on', 'Batsman: gaikwad']","['Bowler: maxwell', 'Batsman: gaikwad', 'Outcome: Six', 'Shot Type: Sweep', 'Shot Position: Long-on', 'Batsman: gaikwad']"
13.4,1,"maxwell to ishan ,  1 runagain charges down , but ends up converting this into a yorker-length ball around leg  pushed to long-on","maxwell to ishan kishan , 1 run , fired through and straighter , kishan slams it towards long-on","['Bowler: maxwell', 'Batsman: ishan', 'Runs: 1', 'Shot Position: Long-on', 'Batsman: ishan']","['Bowler: maxwell', 'Batsman: ishan kishan', 'Runs: 1', 'Shot Position: Long-on', 'Batsman: ishan kishan']"
13.3,4,"maxwell to ishan , four runsswept to the right of short-fine-leg  full and flat , dipping just outside leg , as kishan slog sweeps behind the wicket","maxwell to ishan kishan , four , shuffles in to get off-side of this leg lined delivery and sweeps it to the right of short fine for a boundary","['Bowler: maxwell', 'Batsman: ishan', 'Outcome: Four', 'Length: Full', 'Shot Position: Short-fine-leg', 'Batsman: ishan']","['Bowler: maxwell', 'Batsman: ishan kishan', 'Outcome: Four', 'Length: Short', 'Shot Position: Off-side', 'Batsman: ishan kishan']"
13.2,6,"maxwell to ishan ,  six runshuge six over the bowler  head  that not only went very high , but also landed pretty deep  kishan skipped down the pitch early , with maxwell bowling on a length outside-off  he went ahead with the swing , and bagged six more","maxwell to ishan kishan , six , pitched up and wider , kishan anticipated it and stepped out his crease , got to the pitch of it and hoisted it straight down the ground  all muscle on that shot and nearly goes to the second tier   ","['Bowler: maxwell', 'Batsman: ishan', 'Outcome: Six', 'Outcome: Six', 'Length: Length', 'Line: Outside-off', 'Outcome: Six', 'Batsman: ishan']","['Bowler: maxwell', 'Batsman: ishan kishan', 'Outcome: Six', 'Outcome: Out', 'Batsman: ishan kishan']"
13.2,6,"maxwell to ishan ,  six runshuge six over the bowler  head  that not only went very high , but also landed pretty deep  kishan skipped down the pitch early , with maxwell bowling on a length outside-off  he went ahead with the swing , and bagged six more","maxwell to ishan kishan , wide , once again down leg","['Bowler: maxwell', 'Batsman: ishan', 'Outcome: Six', 'Outcome: Six', 'Length: Length', 'Line: Outside-off', 'Outcome: Six', 'Batsman: ishan']","['Bowler: maxwell', 'Batsman: ishan kishan', 'Batsman: ishan kishan']"
13.2,6,"maxwell to ishan ,  six runshuge six over the bowler  head  that not only went very high , but also landed pretty deep  kishan skipped down the pitch early , with maxwell bowling on a length outside-off  he went ahead with the swing , and bagged six more","maxwell to ishan kishan , wide , darted through from round the wicket , ends down the leg-side","['Bowler: maxwell', 'Batsman: ishan', 'Outcome: Six', 'Outcome: Six', 'Length: Length', 'Line: Outside-off', 'Outcome: Six', 'Batsman: ishan']","['Bowler: maxwell', 'Batsman: ishan kishan', 'Shot Position: Leg-side', 'Batsman: ishan kishan']"
13.2,1w,"maxwell to ishan , 1 wideand again  he angles it in , and on a full length but outside leg  another leave by kishan","maxwell to ishan kishan , six , pitched up and wider , kishan anticipated it and stepped out his crease , got to the pitch of it and hoisted it straight down the ground  all muscle on that shot and nearly goes to the second tier   ","['Bowler: maxwell', 'Batsman: ishan', 'Runs: 1', 'Length: Full', 'Length: Length', 'Batsman: ishan']","['Bowler: maxwell', 'Batsman: ishan kishan', 'Outcome: Six', 'Outcome: Out', 'Batsman: ishan kishan']"
13.2,1w,"maxwell to ishan , 1 wideand again  he angles it in , and on a full length but outside leg  another leave by kishan","maxwell to ishan kishan , wide , once again down leg","['Bowler: maxwell', 'Batsman: ishan', 'Runs: 1', 'Length: Full', 'Length: Length', 'Batsman: ishan']","['Bowler: maxwell', 'Batsman: ishan kishan', 'Batsman: ishan kishan']"
13.2,1w,"maxwell to ishan , 1 wideand again  he angles it in , and on a full length but outside leg  another leave by kishan","maxwell to ishan kishan , wide , darted through from round the wicket , ends down the leg-side","['Bowler: maxwell', 'Batsman: ishan', 'Runs: 1', 'Length: Full', 'Length: Length', 'Batsman: ishan']","['Bowler: maxwell', 'Batsman: ishan kishan', 'Shot Position: Leg-side', 'Batsman: ishan kishan']"
13.2,1w,"maxwell to ishan , 1 widebowls very full , but outside leg while angling it in  kishan lets it go , and it  called wide","maxwell to ishan kishan , six , pitched up and wider , kishan anticipated it and stepped out his crease , got to the pitch of it and hoisted it straight down the ground  all muscle on that shot and nearly goes to the second tier   ","['Bowler: maxwell', 'Batsman: ishan', 'Runs: 1', 'Length: Full', 'Batsman: ishan']","['Bowler: maxwell', 'Batsman: ishan kishan', 'Outcome: Six', 'Outcome: Out', 'Batsman: ishan kishan']"
13.2,1w,"maxwell to ishan , 1 widebowls very full , but outside leg while angling it in  kishan lets it go , and it  called wide","maxwell to ishan kishan , wide , once again down leg","['Bowler: maxwell', 'Batsman: ishan', 'Runs: 1', 'Length: Full', 'Batsman: ishan']","['Bowler: maxwell', 'Batsman: ishan kishan', 'Batsman: ishan kishan']"
13.2,1w,"maxwell to ishan , 1 widebowls very full , but outside leg while angling it in  kishan lets it go , and it  called wide","maxwell to ishan kishan , wide , darted through from round the wicket , ends down the leg-side","['Bowler: maxwell', 'Batsman: ishan', 'Runs: 1', 'Length: Full', 'Batsman: ishan']","['Bowler: maxwell', 'Batsman: ishan kishan', 'Shot Position: Leg-side', 'Batsman: ishan kishan']"
13.1,1,"maxwell to gaikwad ,  1 runlength ball a bit wide of off , as gaikwad gets deep in the crease to push to long-on","maxwell to gaikwad , 1 run , flat delivery outside-off , doesn't spin  gaikwad shimmies inwards to push it away towards long-on","['Bowler: maxwell', 'Batsman: gaikwad', 'Runs: 1', 'Shot Position: Long-on', 'Batsman: gaikwad']","['Bowler: maxwell', 'Batsman: gaikwad', 'Runs: 1', 'Line: Outside-off', 'Speed: Spin', 'Shot Position: Long-on', 'Batsman: gaikwad']"
12.6,4,"t sangha to ishan , four runsjust past ellis at deep-square-leg  he ran and dived full stretch , even as the ball landed wide of him there  sangha bowled on the fuller side of a length around off , as kishan slog swept this to bag another boundary","sangha to ishan kishan , four , just out of his reach  tossed up middle-stump , ishan kishan leaned forward and slog-swept it towards cow-corner , didn't get all of it and it was just out of reach of the fielder who was diving forward after running across from deep-mid-wicket","['Bowler: t sangha', 'Batsman: ishan', 'Outcome: Four', 'Length: Full', 'Field Activity: Bowled', 'Length: Length', 'Shot Position: Deep-square-leg', 'Batsman: ishan']","['Bowler: sangha', 'Batsman: ishan kishan', 'Outcome: Four', 'Outcome: Out', 'Line: Middle-stump', 'Outcome: Out', 'Shot Position: Cow-corner', 'Batsman: ishan kishan']"
12.5,1,"t sangha to gaikwad ,  1 runanother one finds the fielder  slightly short of a length outside-off , with turn away again  pulled flat to deep midwicket","sangha to gaikwad , 1 run , length delivery on outside-off , gaikwad presses back and pulls it away towards deep-mid-wicket","['Bowler: t sangha', 'Batsman: gaikwad', 'Runs: 1', 'Length: Short', 'Length: Length', 'Line: Outside-off', 'Shot Position: Midwicket', 'Batsman: gaikwad']","['Bowler: sangha', 'Batsman: gaikwad', 'Runs: 1', 'Length: Length', 'Line: Outside-off', 'Shot Position: Deep-mid-wicket', 'Batsman: gaikwad']"
12.4,1,"t sangha to ishan ,  1 runshort and wide of off , as kishan reaches out and flays this to deep-point","sangha to ishan kishan , 1 run , flatter delivery outside-off , slapped away towards deep extra-cover","['Bowler: t sangha', 'Batsman: ishan', 'Runs: 1', 'Outcome: Out', 'Shot Position: Deep-point', 'Batsman: ishan']","['Bowler: sangha', 'Batsman: ishan kishan', 'Runs: 1', 'Line: Outside-off', 'Shot Position: Extra-cover', 'Batsman: ishan kishan']"
12.3,•,"t sangha to ishan , no runshapes to switch hit , but is hit on his front pad  but the impact is outside-off , with the ball being on a length and outside-off too","sangha to ishan kishan , no run , flatter delivery on outside-off , ishan kishan looked to reverse-sweep , appeal for leg before but it was going past outside-off","['Bowler: t sangha', 'Batsman: ishan', 'Line: Outside-off', 'Length: Length', 'Line: Outside-off', 'Batsman: ishan']","['Bowler: sangha', 'Batsman: ishan kishan', 'Line: Outside-off', 'Shot Type: Reverse-sweep', 'Line: Outside-off', 'Batsman: ishan kishan']"
12.2,1,"t sangha to gaikwad ,  1 runskips down , but the ball is shortish around off , while turning away too  punched to deep-point","sangha to gaikwad , 1 run , length delivery on outside-off , gaikwad skips down the track and has to adjust as it doesn't arrive , he waits for it and bunts it towards deep-cover","['Bowler: t sangha', 'Batsman: gaikwad', 'Runs: 1', 'Shot Position: Deep-point', 'Batsman: gaikwad']","['Bowler: sangha', 'Batsman: gaikwad', 'Runs: 1', 'Length: Length', 'Line: Outside-off', 'Shot Position: Deep-cover', 'Batsman: gaikwad']"
12.1,1,"t sangha to ishan ,  1 runthis turns away off a shortish length , and ends pretty wide of off  chopped back to the bowler  right","sangha to ishan kishan , 1 run , length delivery pushed through just outside-off , ishan kishan pressed back looking to cut but was a bit rushed , ended up knocking it towards cover for one","['Bowler: t sangha', 'Batsman: ishan', 'Runs: 1', 'Length: Length', 'Batsman: ishan']","['Bowler: sangha', 'Batsman: ishan kishan', 'Runs: 1', 'Length: Length', 'Line: Outside-off', 'Shot Type: Cut', 'Shot Position: Cover', 'Batsman: ishan kishan']"
11.6,1,"stoinis to ishan ,  1 runthis stays slightly low off a shortish length , even as it angles across to finish around off  pulled to deep-square","stoinis to ishan kishan , 1 run , good length delivery on middle , heaved away towards deep-mid-wicket","['Bowler: stoinis', 'Batsman: ishan', 'Runs: 1', 'Length: Length', 'Shot Position: Deep-square', 'Batsman: ishan']","['Bowler: stoinis', 'Batsman: ishan kishan', 'Runs: 1', 'Length: Good', 'Length: Length', 'Shot Position: Deep-mid-wicket', 'Batsman: ishan kishan']"
11.5,1,"stoinis to gaikwad ,  1 runanother mistimed shot  stoinis bowls short again , and around off  the ball rushes on to gaikwad , as he pulls but the ball hits the higher side of the bat to land to short fine  left","stoinis to gaikwad , 1 run , short of length and attacking the body , gaikwad looked to pull but was cramped for room , lobbed up towards backward-square-leg off the top-edge but there was no one there","['Bowler: stoinis', 'Batsman: gaikwad', 'Runs: 1', 'Length: Short', 'Length: Short', 'Batsman: gaikwad']","['Bowler: stoinis', 'Batsman: gaikwad', 'Runs: 1', 'Length: Short', 'Length: Length', 'Shot Type: Pull', 'Hit Type: Top-edge', 'Shot Position: Backward-square-leg', 'Batsman: gaikwad']"
11.4,1,"stoinis to ishan ,  1 runshort again , but this time pretty wide of off  swiped wide of long-on","stoinis to ishan kishan , 1 run , slower length delivery outside-off , ishan kishan drags it down towards deep-mid-wicket , along the ground this time","['Bowler: stoinis', 'Batsman: ishan', 'Runs: 1', 'Shot Position: Long-on', 'Batsman: ishan']","['Bowler: stoinis', 'Batsman: ishan kishan', 'Runs: 1', 'Speed: Slower', 'Length: Length', 'Line: Outside-off', 'Shot Position: Deep-mid-wicket', 'Batsman: ishan kishan']"
11.3,6,"stoinis to ishan ,  six runsfinally gets one away  this is another slower delivery , which is short and just outside-off  kishan rode the bounce , and belted the pull over deep midwicket","stoinis to ishan kishan , six , he  crunched this one though  short of a length slower delivery , sat up nicely as ishan kishan hung back and waited for it before slamming it away over deep-mid-wicket","['Bowler: stoinis', 'Batsman: ishan', 'Outcome: Six', 'Speed: Slower', 'Length: Short', 'Line: Outside-off', 'Shot Type: Pull', 'Shot Position: Midwicket', 'Batsman: ishan']","['Bowler: stoinis', 'Batsman: ishan kishan', 'Outcome: Six', 'Length: Short', 'Length: Length', 'Speed: Slower', 'Shot Position: Deep-mid-wicket', 'Batsman: ishan kishan']"
11.2,•,"stoinis to ishan , no runbeaten by the slower ball  stoinis lands this on a shortish length , and slightly wide of off  kishan went for a heave , but missed","stoinis to ishan kishan , no run , slower length delivery outside-off , ishan kishan looked to heave this away into the leg-side but was through his shot too early","['Bowler: stoinis', 'Batsman: ishan', 'Speed: Slower', 'Length: Length', 'Batsman: ishan']","['Bowler: stoinis', 'Batsman: ishan kishan', 'Speed: Slower', 'Length: Length', 'Line: Outside-off', 'Shot Position: Leg-side', 'Batsman: ishan kishan']"
11.1,1,"stoinis to gaikwad ,  1 runbowls with pace off , and on a short of a length and wide line outside-off  cut away to deep backward-point","stoinis to gaikwad , 1 run , short and wide outside-off , gaikwad presses back and chops it away towards deep backward-point , protection out there","['Bowler: stoinis', 'Batsman: gaikwad', 'Runs: 1', 'Speed: Pace', 'Length: Short', 'Length: Length', 'Line: Outside-off', 'Shot Type: Cut', 'Shot Position: Backward-point', 'Batsman: gaikwad']","['Bowler: stoinis', 'Batsman: gaikwad', 'Runs: 1', 'Length: Short', 'Line: Outside-off', 'Outcome: Out', 'Shot Position: Backward-point', 'Batsman: gaikwad']"
10.6,1,"zampa to gaikwad ,  1 runanother one that rushes through , while keeping low too  bowled on a length on middle and off , and dabbed towards cover for a quick single","zampa to gaikwad , 1 run , good length delivery on middle , rushes him off the track as he bunts it into the off-side off the backfoot","['Bowler: zampa', 'Batsman: gaikwad', 'Runs: 1', 'Field Activity: Bowled', 'Length: Length', 'Outcome: Single', 'Shot Position: Cover', 'Batsman: gaikwad']","['Bowler: zampa', 'Batsman: gaikwad', 'Runs: 1', 'Length: Good', 'Length: Length', 'Shot Position: Off-side', 'Batsman: gaikwad']"
10.5,1,"zampa to ishan ,  1 rundrills this to long-off  left , as the ball is again very full and around off","zampa to ishan kishan , 1 run , floated up very full on outside-off , drilled down to long-off","['Bowler: zampa', 'Batsman: ishan', 'Runs: 1', 'Length: Full', 'Shot Position: Long-off', 'Batsman: ishan']","['Bowler: zampa', 'Batsman: ishan kishan', 'Runs: 1', 'Length: Full', 'Line: Outside-off', 'Shot Position: Long-off', 'Batsman: ishan kishan']"
10.4,•,"zampa to ishan , no runslows it down , and bowls cleverly on a short of a length , getting it to turn away and end wide-ish off  a late cut towards point","zampa to ishan kishan , no run , slower googly on a length just outside-off , ishan kishan waited for it and bunted it into the off-side","['Bowler: zampa', 'Batsman: ishan', 'Length: Short', 'Length: Length', 'Shot Type: Cut', 'Shot Position: Point', 'Batsman: ishan']","['Bowler: zampa', 'Batsman: ishan kishan', 'Speed: Slower', 'Variation: Googly', 'Length: Length', 'Line: Outside-off', 'Shot Position: Off-side', 'Batsman: ishan kishan']"
10.3,1,"zampa to gaikwad ,  1 runshort of a length , and this skids through to end leg-stump  clipped behind square for a single","zampa to gaikwad , 1 run , flatter and quicker on leg-stump , gaikwad presses back and squeezes it out towards deep-square-leg","['Bowler: zampa', 'Batsman: gaikwad', 'Runs: 1', 'Length: Length', 'Line: Leg-stump', 'Outcome: Single', 'Batsman: gaikwad']","['Bowler: zampa', 'Batsman: gaikwad', 'Runs: 1', 'Line: Leg-stump', 'Outcome: Out', 'Shot Position: Deep-square-leg', 'Batsman: gaikwad']"
10.2,1,"zampa to ishan ,  1 runanother very full ball angled across , and landing on off  swept hard to deep midwicket","zampa to ishan kishan , 1 run , tossed up middle-stump , ishan kishan went for the moon here , wanted to hit it into the stands at cow-corner but it went off the toe end to the fielder there","['Bowler: zampa', 'Batsman: ishan', 'Runs: 1', 'Length: Full', 'Shot Position: Midwicket', 'Batsman: ishan']","['Bowler: zampa', 'Batsman: ishan kishan', 'Runs: 1', 'Line: Middle-stump', 'Shot Position: Cow-corner', 'Batsman: ishan kishan']"
10.1,1,"zampa to gaikwad ,  1 runvery full and dipping on middle and off  pushed to long-on off the inside half of the bat","zampa to gaikwad , 1 run , flighted delivery middle-stump , pushed down the ground to long-on","['Bowler: zampa', 'Batsman: gaikwad', 'Runs: 1', 'Length: Full', 'Shot Position: Long-on', 'Batsman: gaikwad']","['Bowler: zampa', 'Batsman: gaikwad', 'Runs: 1', 'Line: Middle-stump', 'Shot Position: Long-on', 'Batsman: gaikwad']"
9.6,1,"abbott to gaikwad ,  1 runslower ball , and on a length outside-off  pushed gently to deep-point","abbott to gaikwad , 1 run , short of length on outside-off , gaikwad hangs back and eases it away towards backward-point","['Bowler: abbott', 'Batsman: gaikwad', 'Runs: 1', 'Length: Length', 'Line: Outside-off', 'Shot Position: Deep-point', 'Batsman: gaikwad']","['Bowler: abbott', 'Batsman: gaikwad', 'Runs: 1', 'Length: Short', 'Length: Length', 'Line: Outside-off', 'Shot Position: Backward-point', 'Batsman: gaikwad']"
9.5,1,"abbott to ishan ,  1 runlands just to the right of short-fine-leg  another short ball from abbott in this over cramps kishan  abbott banged it on the pitch , getting it to land around leg-stump  kishan pulled but for a top edge , with the ball barely landing wide","abbott to ishan kishan , 1 run , falls short of the fielder now  good bowling this from abbott , saw ishan kishan running down the track and dug this in short , cramped him for room and beat for him for pace on the pull , it nearly lobbed up towards short fine-leg off the top-edge , just landed to his right","['Bowler: abbott', 'Batsman: ishan', 'Runs: 1', 'Length: Short', 'Line: Leg-stump', 'Shot Position: Short-fine-leg', 'Batsman: ishan']","['Bowler: abbott', 'Batsman: ishan kishan', 'Runs: 1', 'Length: Short', 'Length: Good', 'Length: Short', 'Speed: Pace', 'Shot Type: Pull', 'Length: Short', 'Hit Type: Top-edge', 'Shot Position: Fine-leg', 'Batsman: ishan kishan']"
9.4,1,"abbott to gaikwad ,  1 rundropped by abbott  it was a tough chance though , as he flung his right hand out , with the ball flicking it away  gaikwad just chipped this length ball back with the full face of the bat","abbott to gaikwad , 1 run , half-chance is put down  the umpire had to take cover there , pitched up middle-stump , gaikwad drove that back crisply but it was in the air , abbott stuck his right hand out and got his fingertips to it","['Bowler: abbott', 'Batsman: gaikwad', 'Runs: 1', 'Outcome: Out', 'Length: Length', 'Length: Full', 'Batsman: gaikwad']","['Bowler: abbott', 'Batsman: gaikwad', 'Runs: 1', 'Line: Middle-stump', 'Outcome: Out', 'Shot Position: Cover', 'Batsman: gaikwad']"
9.3,1,"abbott to ishan ,  1 runbangs this on a hard length just outside-off , as kishan pulls to deep midwicket  the ball seemed to be almost rushing on to him there","abbott to ishan kishan , 1 run , short of length on outside-off , ishan kishan pressed back looking to pull it into the stands , went too hard at it and it went towards mid-wicket off the bottom half","['Bowler: abbott', 'Batsman: ishan', 'Runs: 1', 'Length: Length', 'Line: Outside-off', 'Shot Position: Midwicket', 'Batsman: ishan']","['Bowler: abbott', 'Batsman: ishan kishan', 'Runs: 1', 'Length: Short', 'Length: Length', 'Line: Outside-off', 'Shot Type: Pull', 'Batsman: ishan kishan']"
9.2,1,"abbott to gaikwad ,  1 runslower ball , and on a length in the channel outside-off  nudged softly to long-on , while almost leaning into the shot","abbott to gaikwad , 1 run , length delivery on outside-off , gently tucked away towards mid-wicket for one","['Bowler: abbott', 'Batsman: gaikwad', 'Runs: 1', 'Length: Length', 'Line: Outside-off', 'Shot Position: Long-on', 'Batsman: gaikwad']","['Bowler: abbott', 'Batsman: gaikwad', 'Runs: 1', 'Length: Length', 'Line: Outside-off', 'Batsman: gaikwad']"
9.1,2,"abbott to gaikwad ,  2 runswell fielded by sangha , as he runs and dives to his right from long-on to cut that off  abbott bowled short around off , as gaikwad played a short-arm pull","abbott to gaikwad , 2 runs , great work in the deep , short of length on outside-off , gaikwad hung back and pulled it away nicely towards cow-corner , david the man at long-on , dived to his right to stop it","['Bowler: abbott', 'Batsman: gaikwad', 'Runs: 2', 'Shot Type: Cut', 'Field Activity: Bowled', 'Length: Short', 'Shot Type: Pull', 'Shot Position: Long-on', 'Batsman: gaikwad']","['Bowler: abbott', 'Batsman: gaikwad', 'Runs: 2', 'Length: Short', 'Length: Length', 'Line: Outside-off', 'Field Activity: Stop', 'Shot Position: Cow-corner', 'Batsman: gaikwad']"
8.6,•,"t sangha to ishan , no runshort and wide-ish of off  kishan has a slash , but ends up chopping it on the bounce to wade","sangha to ishan kishan , no run , short of length just outside-off , ishan kishan presses back looking to cut and gets a thick bottom-edge that bounces to the keeper","['Bowler: t sangha', 'Batsman: ishan', 'Batsman: ishan']","['Bowler: sangha', 'Batsman: ishan kishan', 'Length: Short', 'Length: Length', 'Line: Outside-off', 'Shot Type: Cut', 'Hit Type: Bottom-edge', 'Batsman: ishan kishan']"
8.5,1,"t sangha to gaikwad ,  1 runthis is fullish leg-stump , and slower too  turned towards short-fine-leg by gaikwad","sangha to gaikwad , 1 run , full on leg-stump , gaikwad leans forward and works it away towards deep-square-leg","['Bowler: t sangha', 'Batsman: gaikwad', 'Runs: 1', 'Line: Leg-stump', 'Speed: Slower', 'Shot Position: Short-fine-leg', 'Batsman: gaikwad']","['Bowler: sangha', 'Batsman: gaikwad', 'Runs: 1', 'Length: Full', 'Line: Leg-stump', 'Shot Position: Deep-square-leg', 'Batsman: gaikwad']"
8.4,1,"t sangha to ishan ,  1 runthis low full toss dips to end up being pretty wide of off , and is dragged to long-off","sangha to ishan kishan , 1 run , floated up full outside-off , ends up being a low full-toss and ishan kishan pushes it down the ground to long-off","['Bowler: t sangha', 'Batsman: ishan', 'Runs: 1', 'Length: Full', 'Shot Position: Long-off', 'Batsman: ishan']","['Bowler: sangha', 'Batsman: ishan kishan', 'Runs: 1', 'Length: Full', 'Line: Outside-off', 'Shot Position: Long-off', 'Batsman: ishan kishan']"
8.3,1,"t sangha to gaikwad ,  1 runthis keeps low off a short of a length outside-off , and is swiped to long-on","sangha to gaikwad , 1 run , length delivery just outside-off , keeps a touch low as gaikwad presses back to drag it down to long-on","['Bowler: t sangha', 'Batsman: gaikwad', 'Runs: 1', 'Length: Short', 'Length: Length', 'Line: Outside-off', 'Shot Position: Long-on', 'Batsman: gaikwad']","['Bowler: sangha', 'Batsman: gaikwad', 'Runs: 1', 'Length: Length', 'Line: Outside-off', 'Shot Position: Long-on', 'Batsman: gaikwad']"
8.2,1,"t sangha to ishan ,  1 runpulled on a few bounces to the man at deep backward-square-leg  short again from sangha , getting it to turn into kishan","sangha to ishan kishan , 1 run , dragged down short on middle , ishan kishan presses back and pulls it away , can't beat deep-square-leg though","['Bowler: t sangha', 'Batsman: ishan', 'Runs: 1', 'Length: Short', 'Shot Position: Backward-square-leg', 'Batsman: ishan']","['Bowler: sangha', 'Batsman: ishan kishan', 'Runs: 1', 'Length: Short', 'Shot Position: Deep-square-leg', 'Batsman: ishan kishan']"
8.1,1,"t sangha to gaikwad ,  1 runshort outside-off , and turning away yet again  a hard cut to deep-point","sangha to gaikwad , 1 run , short of length on outside-off , slapped out to sweeper cover","['Bowler: t sangha', 'Batsman: gaikwad', 'Runs: 1', 'Line: Outside-off', 'Shot Type: Cut', 'Shot Position: Deep-point', 'Batsman: gaikwad']","['Bowler: sangha', 'Batsman: gaikwad', 'Runs: 1', 'Length: Short', 'Length: Length', 'Line: Outside-off', 'Outcome: Out', 'Shot Position: Cover', 'Batsman: gaikwad']"
7.6,•,"zampa to ishan , no runsweeps at this wide ball outside leg , which is full and two stumps down  the man at short fine tumbles to his left to cut it off","zampa to ishan kishan , no run , zampa gets away with one , full and down leg , would've been wide but ishan kishan leant in looking to sweep it fine , just couldn't beat short fine-leg","['Bowler: zampa', 'Batsman: ishan', 'Length: Full', 'Length: Short', 'Shot Type: Cut', 'Batsman: ishan']","['Bowler: zampa', 'Batsman: ishan kishan', 'Length: Full', 'Shot Type: Sweep', 'Length: Short', 'Shot Position: Fine-leg', 'Batsman: ishan kishan']"
7.5,1,"zampa to gaikwad ,  1 runyorker length on the stumps , and dug out to long-on after getting his front leg out of the way","zampa to gaikwad , 1 run , full on leg-stump , pushed down the ground to long-on","['Bowler: zampa', 'Batsman: gaikwad', 'Runs: 1', 'Length: Length', 'Outcome: Out', 'Outcome: Out', 'Shot Position: Long-on', 'Batsman: gaikwad']","['Bowler: zampa', 'Batsman: gaikwad', 'Runs: 1', 'Length: Full', 'Line: Leg-stump', 'Shot Position: Long-on', 'Batsman: gaikwad']"
7.4,2,"zampa to gaikwad ,  2 runson a short of a length , almost straightening towards middle and off  clipped towards deep midwicket , and they pinch two","zampa to gaikwad , 2 runs , good length delivery on middle , bit of extra bounce and gaikwad tucked it away gently towards mid-wicket , went to the edge of the circle and they sprinted back for two","['Bowler: zampa', 'Batsman: gaikwad', 'Runs: 2', 'Length: Short', 'Length: Length', 'Shot Position: Midwicket', 'Batsman: gaikwad']","['Bowler: zampa', 'Batsman: gaikwad', 'Runs: 2', 'Length: Good', 'Length: Length', 'Batsman: gaikwad']"
7.3,1,"zampa to ishan ,  1 runfull and flat on off , and nudged to long-on","zampa to ishan kishan , 1 run , middle-stump , pushed down the ground to long-on","['Bowler: zampa', 'Batsman: ishan', 'Runs: 1', 'Shot Position: Long-on', 'Batsman: ishan']","['Bowler: zampa', 'Batsman: ishan kishan', 'Runs: 1', 'Line: Middle-stump', 'Shot Position: Long-on', 'Batsman: ishan kishan']"
7.2,•,"zampa to ishan , no runfull again around off , with a hint of turn away  blocked down , after shaping to almost have a swing at it","zampa to ishan kishan , no run , wrong-un pushed through full on outside-off , ishan kishan prods forward and blocks it solidly","['Bowler: zampa', 'Batsman: ishan', 'Batsman: ishan']","['Bowler: zampa', 'Batsman: ishan kishan', 'Length: Full', 'Line: Outside-off', 'Batsman: ishan kishan']"
7.1,4,"zampa to ishan , four runsclubs this down the ground  the ball was very full , and just outside-off , as kishan drilled one down between the stumps and the non-striker  zampa stuck his right hand out , but couldn't get a hand","zampa to ishan kishan , four , too full on outside-off , ishan kishan cleared his front-leg and drilled it straight back past the stumps at the other end , no chance for either long-on or long-off","['Bowler: zampa', 'Batsman: ishan', 'Outcome: Four', 'Length: Full', 'Line: Outside-off', 'Outcome: Out', 'Batsman: ishan']","['Bowler: zampa', 'Batsman: ishan kishan', 'Outcome: Four', 'Length: Full', 'Line: Outside-off', 'Shot Position: Long-on', 'Batsman: ishan kishan']"
6.6,1,"t sangha to ishan ,  1 runanother one turns in nicely off a short of a length , and finishes around middle and leg  pulled away to fine-leg","sangha to ishan kishan , 1 run , dragged down on outside-off , ishan kishan presses back and pulls it away towards deep-square-leg","['Bowler: t sangha', 'Batsman: ishan', 'Runs: 1', 'Length: Short', 'Length: Length', 'Shot Position: Fine-leg', 'Batsman: ishan']","['Bowler: sangha', 'Batsman: ishan kishan', 'Runs: 1', 'Line: Outside-off', 'Shot Position: Deep-square-leg', 'Batsman: ishan kishan']"
6.5,1,"t sangha to gaikwad ,  1 runshort of a length outside-off , and punched to deep-point","sangha to gaikwad , 1 run , length delivery on outside-off , punched towards deep backward-point off the backfoot","['Bowler: t sangha', 'Batsman: gaikwad', 'Runs: 1', 'Length: Length', 'Line: Outside-off', 'Shot Position: Deep-point', 'Batsman: gaikwad']","['Bowler: sangha', 'Batsman: gaikwad', 'Runs: 1', 'Length: Length', 'Line: Outside-off', 'Shot Position: Backward-point', 'Batsman: gaikwad']"
6.4,•,"t sangha to gaikwad , no runfuller length around off , and pushed to cover","sangha to gaikwad , no run , middle-stump , gaikwad strides forward and pushes it into the off-side","['Bowler: t sangha', 'Batsman: gaikwad', 'Length: Length', 'Shot Position: Cover', 'Batsman: gaikwad']","['Bowler: sangha', 'Batsman: gaikwad', 'Line: Middle-stump', 'Shot Position: Off-side', 'Batsman: gaikwad']"
6.3,•,"t sangha to gaikwad , no runah , some turn and sharp bounce  lands this on the shorter side of a length on leg , with the ball ending over the middle-stump , as gaikwad looked to clip but missed","sangha to gaikwad , no run , oh what a ball  tossed up full on leg-stump , drew him forward , drifted in and then turned away sharply to beat the outside-edge","['Bowler: t sangha', 'Batsman: gaikwad', 'Length: Length', 'Line: Middle-stump', 'Batsman: gaikwad']","['Bowler: sangha', 'Batsman: gaikwad', 'Length: Full', 'Line: Leg-stump', 'Hit Type: Outside-edge', 'Batsman: gaikwad']"
6.2,•,"t sangha to gaikwad , no runslows it down , and bowls on a length leg-stump  blocked back with his bat and pad close","sangha to gaikwad , no run , good length delivery on middle-leg , gaikwad prods half forward to defend it","['Bowler: t sangha', 'Batsman: gaikwad', 'Length: Length', 'Line: Leg-stump', 'Batsman: gaikwad']","['Bowler: sangha', 'Batsman: gaikwad', 'Length: Good', 'Length: Length', 'Batsman: gaikwad']"
6.1,2,"t sangha to gaikwad ,  2 runssmith at long-on does well to run and slide to his right , and pull this back  the ball was short and turning away to finish around off , as gaikwad pulled between the men at long-on and deep midwicket","sangha to gaikwad , 2 runs , short of length on middle , gaikwad presses right back and pulls it away into the gap at cow-corner , good work from smith , ran to his right from long-on and stopped it with a dive","['Bowler: t sangha', 'Batsman: gaikwad', 'Runs: 2', 'Field Activity: Slide', 'Shot Type: Pull', 'Length: Short', 'Shot Position: Long-on', 'Batsman: gaikwad']","['Bowler: sangha', 'Batsman: gaikwad', 'Runs: 2', 'Length: Short', 'Length: Length', 'Length: Good', 'Field Activity: Dive', 'Shot Position: Cow-corner', 'Batsman: gaikwad']"
5.6,•,"ellis to ishan , no runshort of a length just outside-off , and punched down the ground","nathan ellis to ishan kishan , no run , good length delivery on outside-off , ishan kishan hangs back and defends","['Bowler: ellis', 'Batsman: ishan', 'Length: Length', 'Line: Outside-off', 'Batsman: ishan']","['Bowler: nathan ellis', 'Batsman: ishan kishan', 'Length: Good', 'Length: Length', 'Line: Outside-off', 'Batsman: ishan kishan']"
5.5,W,"ellis to jaiswal , outtaken at short third  from the looks of it , zampa perhaps didn't expect the ball to come on to him that quickly  it was dipping as it approached him , with zampa grabbing it low to his left , and with a reverse cup  this time ellis bowled seam up , angling it across to pitch fullish and wide of off  jaiswal went lofting again , only to mistime it  he lost his right hand off the bat too , with the ball taking the outside edgeyashasvi jaiswal c zampa b ellis 53  25b 9x4 2x6 30m  sr: 212see all photos","nathan ellis to jaiswal , out caught by zampa   excellent field placement and that  the end of the carnage  jaiswal will be disappointed  was full and just outside-off , jaiswal went hard at this looking to smack it through extra-cover , went at it with all hands and no feet , lost his shape in the process and got a thick outside-edge , zampa was waiting at almost a fly-slip , right on the edge of the circle and he took it over his head  jaiswal walks off to an applause  50 and gone all inside the powerplay  jaiswal c zampa b nathan ellis 53 25  [4s-9 6s-2]","['Bowler: ellis', 'Batsman: jaiswal', 'Length: Short', 'Field Activity: Bowled', 'Batsman: jaiswal']","['Bowler: nathan ellis', 'Batsman: jaiswal', 'Outcome: Out', 'Length: Full', 'Line: Outside-off', 'Hit Type: Outside-edge', 'Shot Position: Extra-cover', 'Batsman: jaiswal']"
5.5,W,"ellis to jaiswal , outtaken at short third  from the looks of it , zampa perhaps didn't expect the ball to come on to him that quickly  it was dipping as it approached him , with zampa grabbing it low to his left , and with a reverse cup  this time ellis bowled seam up , angling it across to pitch fullish and wide of off  jaiswal went lofting again , only to mistime it  he lost his right hand off the bat too , with the ball taking the outside edgeyashasvi jaiswal c zampa b ellis 53  25b 9x4 2x6 30m  sr: 212see all photos","nathan ellis to jaiswal , wide , slower delivery full and wide outside-off again , nathan ellis just hasn't hit his mark in this series yet","['Bowler: ellis', 'Batsman: jaiswal', 'Length: Short', 'Field Activity: Bowled', 'Batsman: jaiswal']","['Bowler: nathan ellis', 'Batsman: jaiswal', 'Speed: Slower', 'Length: Full', 'Line: Outside-off', 'Batsman: jaiswal']"
5.5,W,"ellis to jaiswal , outtaken at short third  from the looks of it , zampa perhaps didn't expect the ball to come on to him that quickly  it was dipping as it approached him , with zampa grabbing it low to his left , and with a reverse cup  this time ellis bowled seam up , angling it across to pitch fullish and wide of off  jaiswal went lofting again , only to mistime it  he lost his right hand off the bat too , with the ball taking the outside edgeyashasvi jaiswal c zampa b ellis 53  25b 9x4 2x6 30m  sr: 212see all photos","nathan ellis to jaiswal , wide , slower delivery well wide outside-off , the pressure is telling","['Bowler: ellis', 'Batsman: jaiswal', 'Length: Short', 'Field Activity: Bowled', 'Batsman: jaiswal']","['Bowler: nathan ellis', 'Batsman: jaiswal', 'Speed: Slower', 'Line: Outside-off', 'Batsman: jaiswal']"
5.5,1w,"ellis to jaiswal , 1 widewide again  ellis , bowling from back of the hand , goes full and really wide of off , but jaiswal lets it go","nathan ellis to jaiswal , out caught by zampa   excellent field placement and that  the end of the carnage  jaiswal will be disappointed  was full and just outside-off , jaiswal went hard at this looking to smack it through extra-cover , went at it with all hands and no feet , lost his shape in the process and got a thick outside-edge , zampa was waiting at almost a fly-slip , right on the edge of the circle and he took it over his head  jaiswal walks off to an applause  50 and gone all inside the powerplay  jaiswal c zampa b nathan ellis 53 25  [4s-9 6s-2]","['Bowler: ellis', 'Batsman: jaiswal', 'Runs: 1', 'Length: Full', 'Batsman: jaiswal']","['Bowler: nathan ellis', 'Batsman: jaiswal', 'Outcome: Out', 'Length: Full', 'Line: Outside-off', 'Hit Type: Outside-edge', 'Shot Position: Extra-cover', 'Batsman: jaiswal']"
5.5,1w,"ellis to jaiswal , 1 widewide again  ellis , bowling from back of the hand , goes full and really wide of off , but jaiswal lets it go","nathan ellis to jaiswal , wide , slower delivery full and wide outside-off again , nathan ellis just hasn't hit his mark in this series yet","['Bowler: ellis', 'Batsman: jaiswal', 'Runs: 1', 'Length: Full', 'Batsman: jaiswal']","['Bowler: nathan ellis', 'Batsman: jaiswal', 'Speed: Slower', 'Length: Full', 'Line: Outside-off', 'Batsman: jaiswal']"
5.5,1w,"ellis to jaiswal , 1 widewide again  ellis , bowling from back of the hand , goes full and really wide of off , but jaiswal lets it go","nathan ellis to jaiswal , wide , slower delivery well wide outside-off , the pressure is telling","['Bowler: ellis', 'Batsman: jaiswal', 'Runs: 1', 'Length: Full', 'Batsman: jaiswal']","['Bowler: nathan ellis', 'Batsman: jaiswal', 'Speed: Slower', 'Line: Outside-off', 'Batsman: jaiswal']"
5.5,1w,"ellis to jaiswal , 1 widechange of pace again , but the line is too wide , and the length very full  jaiswal leaves it alone , and it  another wide","nathan ellis to jaiswal , out caught by zampa   excellent field placement and that  the end of the carnage  jaiswal will be disappointed  was full and just outside-off , jaiswal went hard at this looking to smack it through extra-cover , went at it with all hands and no feet , lost his shape in the process and got a thick outside-edge , zampa was waiting at almost a fly-slip , right on the edge of the circle and he took it over his head  jaiswal walks off to an applause  50 and gone all inside the powerplay  jaiswal c zampa b nathan ellis 53 25  [4s-9 6s-2]","['Bowler: ellis', 'Batsman: jaiswal', 'Runs: 1', 'Speed: Pace', 'Length: Length', 'Length: Full', 'Batsman: jaiswal']","['Bowler: nathan ellis', 'Batsman: jaiswal', 'Outcome: Out', 'Length: Full', 'Line: Outside-off', 'Hit Type: Outside-edge', 'Shot Position: Extra-cover', 'Batsman: jaiswal']"
5.5,1w,"ellis to jaiswal , 1 widechange of pace again , but the line is too wide , and the length very full  jaiswal leaves it alone , and it  another wide","nathan ellis to jaiswal , wide , slower delivery full and wide outside-off again , nathan ellis just hasn't hit his mark in this series yet","['Bowler: ellis', 'Batsman: jaiswal', 'Runs: 1', 'Speed: Pace', 'Length: Length', 'Length: Full', 'Batsman: jaiswal']","['Bowler: nathan ellis', 'Batsman: jaiswal', 'Speed: Slower', 'Length: Full', 'Line: Outside-off', 'Batsman: jaiswal']"
5.5,1w,"ellis to jaiswal , 1 widechange of pace again , but the line is too wide , and the length very full  jaiswal leaves it alone , and it  another wide","nathan ellis to jaiswal , wide , slower delivery well wide outside-off , the pressure is telling","['Bowler: ellis', 'Batsman: jaiswal', 'Runs: 1', 'Speed: Pace', 'Length: Length', 'Length: Full', 'Batsman: jaiswal']","['Bowler: nathan ellis', 'Batsman: jaiswal', 'Speed: Slower', 'Line: Outside-off', 'Batsman: jaiswal']"
5.4,4,"ellis to jaiswal , four runswow , one brilliant shot after another  this is jaiswal  fifty too  now he bisects point and short third , as he helps this short of a length ball in the channel outside-off for four moresee all photos","nathan ellis to jaiswal , four , brings up fifty in no time  this is jaiswal at his very best  good length delivery angling across just outside-off , he hung back and opened the face to steer it past short-third-man for four more","['Bowler: ellis', 'Batsman: jaiswal', 'Outcome: Four', 'Length: Short', 'Length: Short', 'Length: Length', 'Line: Outside-off', 'Outcome: Four', 'Shot Position: Point', 'Batsman: jaiswal']","['Bowler: nathan ellis', 'Batsman: jaiswal', 'Outcome: Four', 'Length: Good', 'Length: Length', 'Line: Outside-off', 'Outcome: Four', 'Shot Position: Short-third-man', 'Batsman: jaiswal']"
5.3,4,"ellis to jaiswal , four runsanother four , this time to deep-square-leg  jaiswal smashing all the slowness of the pitch to the boundary  short delivery rising just outside-off , as jaiswal rolls his wrists to pull for four","nathan ellis to jaiswal , four , crunched  just short of length on middle , jaiswal was very quick to press back and pull it away right into the gap at deep-square-leg","['Bowler: ellis', 'Batsman: jaiswal', 'Outcome: Four', 'Outcome: Four', 'Length: Short', 'Line: Outside-off', 'Shot Type: Pull', 'Outcome: Four', 'Shot Position: Deep-square-leg', 'Batsman: jaiswal']","['Bowler: nathan ellis', 'Batsman: jaiswal', 'Outcome: Four', 'Length: Short', 'Length: Length', 'Shot Type: Pull', 'Shot Position: Deep-square-leg', 'Batsman: jaiswal']"
5.2,4,"ellis to jaiswal , four runsflashed to deep-point  this time he got across a step or two , and got this short ball which was wide of off  he waited and cut that hard to the boundary","nathan ellis to jaiswal , four , to much width , short of length and wide outside-off , jaiswal can free his arms to crash this through point , no chance for any fielder","['Bowler: ellis', 'Batsman: jaiswal', 'Outcome: Four', 'Length: Short', 'Shot Type: Cut', 'Shot Position: Deep-point', 'Batsman: jaiswal']","['Bowler: nathan ellis', 'Batsman: jaiswal', 'Outcome: Four', 'Length: Short', 'Length: Length', 'Line: Outside-off', 'Shot Position: Point', 'Batsman: jaiswal']"
5.1,•,"ellis to jaiswal , no runah , looks to heave over the off-side at this ball which is on the fuller side of a length , and wide of off , but is beaten","nathan ellis to jaiswal , no run , full and zipping across outside-off , jaiswal stood his ground looking to slap that through extra-cover and missed","['Bowler: ellis', 'Batsman: jaiswal', 'Length: Length', 'Shot Position: Off-side', 'Batsman: jaiswal']","['Bowler: nathan ellis', 'Batsman: jaiswal', 'Length: Full', 'Line: Outside-off', 'Shot Position: Extra-cover', 'Batsman: jaiswal']"
5.1,•,"ellis to jaiswal , no runah , looks to heave over the off-side at this ball which is on the fuller side of a length , and wide of off , but is beaten","nathan ellis to jaiswal , wide , full and pushed well wide outside-off","['Bowler: ellis', 'Batsman: jaiswal', 'Length: Length', 'Shot Position: Off-side', 'Batsman: jaiswal']","['Bowler: nathan ellis', 'Batsman: jaiswal', 'Length: Full', 'Line: Outside-off', 'Batsman: jaiswal']"
5.1,1w,"ellis to jaiswal , 1 widebowls wide of off , landing it on a full length  jaiswal lets it go , and it  called wide , although ellis isn't pleased","nathan ellis to jaiswal , no run , full and zipping across outside-off , jaiswal stood his ground looking to slap that through extra-cover and missed","['Bowler: ellis', 'Batsman: jaiswal', 'Runs: 1', 'Length: Full', 'Length: Length', 'Batsman: jaiswal']","['Bowler: nathan ellis', 'Batsman: jaiswal', 'Length: Full', 'Line: Outside-off', 'Shot Position: Extra-cover', 'Batsman: jaiswal']"
5.1,1w,"ellis to jaiswal , 1 widebowls wide of off , landing it on a full length  jaiswal lets it go , and it  called wide , although ellis isn't pleased","nathan ellis to jaiswal , wide , full and pushed well wide outside-off","['Bowler: ellis', 'Batsman: jaiswal', 'Runs: 1', 'Length: Full', 'Length: Length', 'Batsman: jaiswal']","['Bowler: nathan ellis', 'Batsman: jaiswal', 'Length: Full', 'Line: Outside-off', 'Batsman: jaiswal']"
4.6,•,"zampa to gaikwad , no runmakes room , and zampa follows  he bowls short , getting it to come into gaikwad and finish outside leg  punched to the man at extra-cover","zampa to gaikwad , no run , flatter delivery going on with the arm on leg-stump , gaikwad backed away a long way before punching it towards extra-cover","['Bowler: zampa', 'Batsman: gaikwad', 'Length: Short', 'Shot Position: Extra-cover', 'Batsman: gaikwad']","['Bowler: zampa', 'Batsman: gaikwad', 'Line: Leg-stump', 'Shot Position: Extra-cover', 'Batsman: gaikwad']"
4.5,1,"zampa to jaiswal ,  1 runnudges this full ball on his pads to long-on , with this being the wrong 'un from zampa","zampa to jaiswal , 1 run , full on leg-stump , clipped away towards mid-wicket","['Bowler: zampa', 'Batsman: jaiswal', 'Runs: 1', 'Length: Full', 'Shot Position: Long-on', 'Batsman: jaiswal']","['Bowler: zampa', 'Batsman: jaiswal', 'Runs: 1', 'Length: Full', 'Line: Leg-stump', 'Batsman: jaiswal']"
4.4,4,"zampa to jaiswal , four runswhipped wide of long-on  terrific timing there  the ball is full on a stump-to-stump line , but jaiswal places it beautifully to deep midwicket","zampa to jaiswal , four , wow what timing  tossed up full on leg-stump , was nothing more than a crisp flick , he picked the gap at cow-corner and he timed it to perfection , the outfield did the rest","['Bowler: zampa', 'Batsman: jaiswal', 'Outcome: Four', 'Length: Full', 'Shot Position: Long-on', 'Batsman: jaiswal']","['Bowler: zampa', 'Batsman: jaiswal', 'Outcome: Four', 'Length: Full', 'Line: Leg-stump', 'Shot Position: Cow-corner', 'Batsman: jaiswal']"
4.3,1,"zampa to gaikwad ,  1 runanother low full on the stumps , and pushed to long-off","zampa to gaikwad , 1 run , very middle-stump , gaikwad makes a bit of room and jams it down to long-off","['Bowler: zampa', 'Batsman: gaikwad', 'Runs: 1', 'Length: Full', 'Shot Position: Long-off', 'Batsman: gaikwad']","['Bowler: zampa', 'Batsman: gaikwad', 'Runs: 1', 'Line: Middle-stump', 'Shot Position: Long-off', 'Batsman: gaikwad']"
4.2,•,"zampa to gaikwad , no runvery outside-off , and dug out to cover","zampa to gaikwad , no run , pushed up very full on outside-off , gaikwad digs it out towards cover","['Bowler: zampa', 'Batsman: gaikwad', 'Line: Outside-off', 'Outcome: Out', 'Shot Position: Cover', 'Batsman: gaikwad']","['Bowler: zampa', 'Batsman: gaikwad', 'Length: Full', 'Line: Outside-off', 'Outcome: Out', 'Shot Position: Cover', 'Batsman: gaikwad']"
4.1,4,"zampa to gaikwad , four runsthe shot of the day  there isn't that much of pace to deal with , yet gaikwad deals with this fullish ball so effortlessly to loft it over the bowler  head after standing while backing away","zampa to gaikwad , four , strike bowler or not , it doesn't matter  tossed up middle-stump , right in the slot for gaikwad and he got under it and lofted it straight back over the bowler for one-bounce four","['Bowler: zampa', 'Batsman: gaikwad', 'Outcome: Four', 'Speed: Pace', 'Batsman: gaikwad']","['Bowler: zampa', 'Batsman: gaikwad', 'Outcome: Four', 'Line: Middle-stump', 'Outcome: Four', 'Batsman: gaikwad']"
3.6,•,"abbott to jaiswal , no runah , the over ends with a dot , and both abbott and i get a breather  this was bowled very full around off , as jaiswal drove it to mid-off","abbott to jaiswal , no run , full on outside-off , jaiswal stands his ground and smacks it straight to mid-off  massive over for india , 24 runs off it","['Bowler: abbott', 'Batsman: jaiswal', 'Outcome: Dot', 'Field Activity: Bowled', 'Length: Full', 'Shot Position: Mid-off', 'Batsman: jaiswal']","['Bowler: abbott', 'Batsman: jaiswal', 'Length: Full', 'Line: Outside-off', 'Shot Position: Mid-off', 'Batsman: jaiswal']"
3.5,6,"abbott to jaiswal ,  six runsthe change of angle doesn't make any difference  this good-length ball was angled into the left-hander , and finished around off stump  jaiswal again shifted his weight back to have a go at the pull short , just clearing the rope at deep-square-leg","abbott to jaiswal , six , superb batting from jaiswal  abbott went round the wicket , dug it into leg-stump but it sat up again , jaiswal hung back and heaved it away into the gap at deep-mid-wicket again for another six , just went over the ropes , 50-run stand too","['Bowler: abbott', 'Batsman: jaiswal', 'Outcome: Six', 'Shot Type: Pull', 'Length: Short', 'Shot Position: Deep-square-leg', 'Batsman: jaiswal']","['Bowler: abbott', 'Batsman: jaiswal', 'Outcome: Six', 'Line: Leg-stump', 'Outcome: Six', 'Shot Position: Deep-mid-wicket', 'Batsman: jaiswal']"
3.4,6,"abbott to jaiswal ,  six runsflung away over deep-square-leg  that went quite deep into the crowd too  another short delivery around middle and off , as jaiswal transfers his weight to the back foot to pull hard and over the boundary","abbott to jaiswal , six , 4 , 4 , 4 , 6   abbott under pressure now , short of length delivery on middle , jaiswal seemingly knew exactly what was coming , he pressed back and smacked this away over deep-mid-wicket with a pull","['Bowler: abbott', 'Batsman: jaiswal', 'Outcome: Six', 'Length: Short', 'Shot Type: Pull', 'Shot Position: Deep-square-leg', 'Batsman: jaiswal']","['Bowler: abbott', 'Batsman: jaiswal', 'Outcome: Six', 'Runs: 4', 'Runs: 4', 'Runs: 4', 'Runs: 6', 'Length: Short', 'Length: Length', 'Shot Type: Pull', 'Shot Position: Deep-mid-wicket', 'Batsman: jaiswal']"
3.3,4,"abbott to jaiswal , four runsthe best of the three  a delightful guide to short third  left , as he reads this shortish ball just outside-off to play it as late as possible","abbott to jaiswal , four , this is brilliant from jaiswal , he knew this was going to be pace on , was a hard length delivery on outside-off , jaiswal hung back and used the pace to run it past short-third-man for four","['Bowler: abbott', 'Batsman: jaiswal', 'Outcome: Four', 'Length: Short', 'Line: Outside-off', 'Batsman: jaiswal']","['Bowler: abbott', 'Batsman: jaiswal', 'Outcome: Four', 'Speed: Pace', 'Length: Length', 'Line: Outside-off', 'Speed: Pace', 'Outcome: Four', 'Shot Position: Short-third-man', 'Batsman: jaiswal']"
3.2,4,"abbott to jaiswal , four runsfour more in the same region  abbott repeats the trick of a change of pace , and also bowls on a shortish length outside-off  this time though the ball kept a bit low , even as jaiswal slashed it to deep backward-point","abbott to jaiswal , four , back to back fours  very similar delivery , on a length just outside-off , looked like a cutter and jaiswal hung back and waited for it again before smacking it hard past backward-point again","['Bowler: abbott', 'Batsman: jaiswal', 'Outcome: Four', 'Speed: Pace', 'Length: Length', 'Line: Outside-off', 'Shot Position: Backward-point', 'Batsman: jaiswal']","['Bowler: abbott', 'Batsman: jaiswal', 'Outcome: Four', 'Length: Length', 'Line: Outside-off', 'Shot Position: Backward-point', 'Batsman: jaiswal']"
3.1,4,"abbott to jaiswal , four runshacked to deep backward-point  slower ball right away from abbott - it was on a short of a length , and around sixth stump - as jaiswal late-cut it to just beat backward-point to his left","abbott to jaiswal , four , short of length and slanting across just outside-off , just a bit of room on offer , jaiswal hung back and waited for it before slashing it away hard past backward-point","['Bowler: abbott', 'Batsman: jaiswal', 'Outcome: Four', 'Speed: Slower', 'Length: Short', 'Length: Length', 'Shot Position: Backward-point', 'Batsman: jaiswal']","['Bowler: abbott', 'Batsman: jaiswal', 'Outcome: Four', 'Length: Short', 'Length: Length', 'Line: Outside-off', 'Shot Position: Backward-point', 'Batsman: jaiswal']"
2.6,4,"maxwell to gaikwad , four runsnow gaikwad drills one through to deep-point  like jaiswal , he too stands after backing away , and gets this pretty full ball outside-off to target  he outside-off , with the ball rolling away rather rapidly","maxwell to gaikwad , four , gaikwad doesn't want to be left behind  full just outside-off , gaikwad backed away to make some room before carving that away through cover for four","['Bowler: maxwell', 'Batsman: gaikwad', 'Outcome: Four', 'Length: Full', 'Line: Outside-off', 'Line: Outside-off', 'Shot Position: Deep-point', 'Batsman: gaikwad']","['Bowler: maxwell', 'Batsman: gaikwad', 'Outcome: Four', 'Length: Full', 'Line: Outside-off', 'Outcome: Four', 'Shot Position: Cover', 'Batsman: gaikwad']"
2.5,1,"maxwell to jaiswal ,  1 runpretty full now around off , and driven down to long-off","maxwell to jaiswal , 1 run , full on outside-off , driven out towards wide long-off","['Bowler: maxwell', 'Batsman: jaiswal', 'Runs: 1', 'Length: Full', 'Shot Position: Long-off', 'Batsman: jaiswal']","['Bowler: maxwell', 'Batsman: jaiswal', 'Runs: 1', 'Length: Full', 'Line: Outside-off', 'Outcome: Out', 'Shot Position: Long-off', 'Batsman: jaiswal']"
2.4,•,"maxwell to jaiswal , no runshort of a length outside-off , and pushed to cover","maxwell to jaiswal , no run , length delivery on outside-off , jaiswal hangs back and defends it into the off-side","['Bowler: maxwell', 'Batsman: jaiswal', 'Length: Length', 'Line: Outside-off', 'Shot Position: Cover', 'Batsman: jaiswal']","['Bowler: maxwell', 'Batsman: jaiswal', 'Length: Length', 'Line: Outside-off', 'Shot Position: Off-side', 'Batsman: jaiswal']"
2.3,4,"maxwell to jaiswal , four runsslog swept to deep backward-square-leg  another full delivery outside-off , as he gets down to have a free swing over the in-field","maxwell to jaiswal , four , jaiswal on the charge here  middle-stump , jaiswal leant forward and slog-swept it towards deep-mid-wicket","['Bowler: maxwell', 'Batsman: jaiswal', 'Outcome: Four', 'Length: Full', 'Line: Outside-off', 'Shot Position: Backward-square-leg', 'Batsman: jaiswal']","['Bowler: maxwell', 'Batsman: jaiswal', 'Outcome: Four', 'Line: Middle-stump', 'Shot Position: Deep-mid-wicket', 'Batsman: jaiswal']"
2.2,•,"maxwell to jaiswal , no runah , some slow turn there  on a full length outside-off , and beats the outside-edge as he looked to defend","maxwell to jaiswal , no run , oh well bowled  tossed up middle-stump , drew him forward , drifted in and turned away to beat the outside-edge","['Bowler: maxwell', 'Batsman: jaiswal', 'Speed: Slow', 'Length: Full', 'Length: Length', 'Line: Outside-off', 'Hit Type: Outside-edge', 'Batsman: jaiswal']","['Bowler: maxwell', 'Batsman: jaiswal', 'Field Activity: Bowled', 'Line: Middle-stump', 'Hit Type: Outside-edge', 'Batsman: jaiswal']"
2.1,4,"maxwell to jaiswal , four runsgoes inside out over cover  stands after making some room at this full ball dipping just outside-off - for a while it seemed to be too full for that shot - and opens the bat face to loft for four","maxwell to jaiswal , four , superb shot  tossed up full on outside-off , jaiswal stepped forward , got to the pitch and played a cracking lofted extra-cover-drive , no one out on the off-side and away it went","['Bowler: maxwell', 'Batsman: jaiswal', 'Outcome: Four', 'Outcome: Out', 'Length: Full', 'Line: Outside-off', 'Length: Full', 'Outcome: Four', 'Shot Position: Cover', 'Batsman: jaiswal']","['Bowler: maxwell', 'Batsman: jaiswal', 'Outcome: Four', 'Length: Full', 'Line: Outside-off', 'Outcome: Out', 'Shot Position: Off-side', 'Batsman: jaiswal']"
2.1,4,"maxwell to jaiswal , four runsgoes inside out over cover  stands after making some room at this full ball dipping just outside-off - for a while it seemed to be too full for that shot - and opens the bat face to loft for four","maxwell to gaikwad , 2 wides , tossed up full and down leg , wade didn't collect it cleanly and they snuck through for an extra run","['Bowler: maxwell', 'Batsman: jaiswal', 'Outcome: Four', 'Outcome: Out', 'Length: Full', 'Line: Outside-off', 'Length: Full', 'Outcome: Four', 'Shot Position: Cover', 'Batsman: jaiswal']","['Bowler: maxwell', 'Batsman: gaikwad', 'Runs: 2', 'Length: Full', 'Batsman: gaikwad']"
2.1,2w,"maxwell to gaikwad , 2 widebowls pretty wide of leg , and very full  gaikwad lets it go , as the ball turns in a bit  they run a single too , after it  a wide ball","maxwell to jaiswal , four , superb shot  tossed up full on outside-off , jaiswal stepped forward , got to the pitch and played a cracking lofted extra-cover-drive , no one out on the off-side and away it went","['Bowler: maxwell', 'Batsman: gaikwad', 'Runs: 2', 'Length: Full', 'Outcome: Single', 'Batsman: gaikwad']","['Bowler: maxwell', 'Batsman: jaiswal', 'Outcome: Four', 'Length: Full', 'Line: Outside-off', 'Outcome: Out', 'Shot Position: Off-side', 'Batsman: jaiswal']"
2.1,2w,"maxwell to gaikwad , 2 widebowls pretty wide of leg , and very full  gaikwad lets it go , as the ball turns in a bit  they run a single too , after it  a wide ball","maxwell to gaikwad , 2 wides , tossed up full and down leg , wade didn't collect it cleanly and they snuck through for an extra run","['Bowler: maxwell', 'Batsman: gaikwad', 'Runs: 2', 'Length: Full', 'Outcome: Single', 'Batsman: gaikwad']","['Bowler: maxwell', 'Batsman: gaikwad', 'Runs: 2', 'Length: Full', 'Batsman: gaikwad']"
1.6,•,"ellis to jaiswal , no runah , that was close  jaiswal got across the stumps early to try and scoop this length ball , but was beaten  the ball ended up going just over the stumps though","nathan ellis to jaiswal , no run , jaiswal gets adventurous , was a length delivery on outside-off , jaiswal shuffled across his stumps looking to scoop that over the keeper and didn't lay bat on it","['Bowler: ellis', 'Batsman: jaiswal', 'Shot Type: Scoop', 'Length: Length', 'Batsman: jaiswal']","['Bowler: nathan ellis', 'Batsman: jaiswal', 'Length: Length', 'Line: Outside-off', 'Shot Type: Scoop', 'Batsman: jaiswal']"
1.5,•,"ellis to jaiswal , no runplays a late cut at this good-length ball , which is shaping away to finish around sixth stump  but the ball goes on the bounce to the man standing at backward-point","nathan ellis to jaiswal , no run , length delivery slanting across outside-off , jaiswal cut it nicely but couldn't beat point","['Bowler: ellis', 'Batsman: jaiswal', 'Shot Type: Cut', 'Shot Position: Backward-point', 'Batsman: jaiswal']","['Bowler: nathan ellis', 'Batsman: jaiswal', 'Length: Length', 'Line: Outside-off', 'Shot Type: Cut', 'Shot Position: Point', 'Batsman: jaiswal']"
1.4,1,"ellis to gaikwad ,  1 runchange of pace , as ellis goes full and in the channel outside-off  poked behind point for a single","nathan ellis to gaikwad , 1 run , full on outside-off , was pace off , gaikwad stabbed it towards backward-point and they crossed across for a quick single","['Bowler: ellis', 'Batsman: gaikwad', 'Runs: 1', 'Speed: Pace', 'Length: Full', 'Line: Outside-off', 'Outcome: Single', 'Shot Position: Point', 'Batsman: gaikwad']","['Bowler: nathan ellis', 'Batsman: gaikwad', 'Runs: 1', 'Length: Full', 'Line: Outside-off', 'Speed: Pace', 'Outcome: Single', 'Shot Position: Backward-point', 'Batsman: gaikwad']"
1.3,•,"ellis to gaikwad , no runyorker length on middle and off , and flicked to midwicket  jaiswal wanted a single but was sent back , even as inglis' throw was wide of the stumps","nathan ellis to gaikwad , no run , pitched up full and straight on middle , clipped straight to mid-wicket","['Bowler: ellis', 'Batsman: gaikwad', 'Length: Length', 'Outcome: Single', 'Field Activity: Throw', 'Shot Position: Midwicket', 'Batsman: gaikwad']","['Bowler: nathan ellis', 'Batsman: gaikwad', 'Length: Full', 'Batsman: gaikwad']"
1.3,•,"ellis to gaikwad , no runyorker length on middle and off , and flicked to midwicket  jaiswal wanted a single but was sent back , even as inglis' throw was wide of the stumps","nathan ellis to gaikwad , wide , full and just sliding down leg with the angle","['Bowler: ellis', 'Batsman: gaikwad', 'Length: Length', 'Outcome: Single', 'Field Activity: Throw', 'Shot Position: Midwicket', 'Batsman: gaikwad']","['Bowler: nathan ellis', 'Batsman: gaikwad', 'Length: Full', 'Batsman: gaikwad']"
1.3,1w,"ellis to gaikwad , 1 widepitches just outside leg , and darts down further after landing on the fuller side of a length  he looked to flick but missed , and it  called wide","nathan ellis to gaikwad , no run , pitched up full and straight on middle , clipped straight to mid-wicket","['Bowler: ellis', 'Batsman: gaikwad', 'Runs: 1', 'Length: Length', 'Batsman: gaikwad']","['Bowler: nathan ellis', 'Batsman: gaikwad', 'Length: Full', 'Batsman: gaikwad']"
1.3,1w,"ellis to gaikwad , 1 widepitches just outside leg , and darts down further after landing on the fuller side of a length  he looked to flick but missed , and it  called wide","nathan ellis to gaikwad , wide , full and just sliding down leg with the angle","['Bowler: ellis', 'Batsman: gaikwad', 'Runs: 1', 'Length: Length', 'Batsman: gaikwad']","['Bowler: nathan ellis', 'Batsman: gaikwad', 'Length: Full', 'Batsman: gaikwad']"
1.2,1,"ellis to jaiswal ,  1 runah , ellis leaps to his left with his left hand outstretched , but the ball is beyond him  jaiswal looked to push hard at this length ball , but ended up chipping it towards mid-on , who threw wide at the non-striker  end","nathan ellis to jaiswal , 1 run , stops on him agian , good length delivery on outside-off , jaiswal looked to push it back down the ground and it lobbed up to nathan ellis' left off the inner half , he leaped to his left but couldn't get it","['Bowler: ellis', 'Batsman: jaiswal', 'Runs: 1', 'Length: Length', 'Shot Position: Mid-on', 'Batsman: jaiswal']","['Bowler: nathan ellis', 'Batsman: jaiswal', 'Runs: 1', 'Length: Good', 'Length: Length', 'Line: Outside-off', 'Batsman: jaiswal']"
1.1,•,"ellis to jaiswal , no runbunts at this length ball , which angles across and finishes pretty wide of off  the ball trickles towards mid-off , as jaiswal plays far away from his body","nathan ellis to jaiswal , no run , full outside-off , jaiswal looked to drive through extra-cover , went towards mid-off off the inner half of the blade , that didn't quite come on to the bat","['Bowler: ellis', 'Batsman: jaiswal', 'Length: Length', 'Shot Position: Mid-off', 'Batsman: jaiswal']","['Bowler: nathan ellis', 'Batsman: jaiswal', 'Length: Full', 'Line: Outside-off', 'Shot Type: Drive', 'Shot Position: Extra-cover', 'Batsman: jaiswal']"
0.6,2lb,"stoinis to gaikwad , 2 leg byesthis stays slightly low off a short of a length - uneven bounce was talked about too at the pitch report - as the ball finishes on his pads around leg-stump while he attempts to swipe  but the ball ends up rolling behind the wicket for two leg byes","stoinis to gaikwad , leg byes , 2 runs , short of length and attacking the pads , gaikwad looked to pull and was cramped for room and beaten for pace , ended up hitting him on the thigh-pad before going towards backward-square-leg","['Bowler: stoinis', 'Batsman: gaikwad', 'Runs: 2', 'Length: Short', 'Length: Length', 'Line: Leg-stump', 'Batsman: gaikwad']","['Bowler: stoinis', 'Batsman: gaikwad', 'Runs: 2', 'Length: Short', 'Length: Length', 'Shot Type: Pull', 'Speed: Pace', 'Shot Position: Backward-square-leg', 'Batsman: gaikwad']"
0.5,1,"stoinis to jaiswal ,  1 runanother shortish delivery - this time around leg  pulled hard to fine-leg","stoinis to jaiswal , 1 run , short of length on middle , pulled away towards deep backward-square-leg , looked like it stopped on him just a touch","['Bowler: stoinis', 'Batsman: jaiswal', 'Runs: 1', 'Shot Position: Fine-leg', 'Batsman: jaiswal']","['Bowler: stoinis', 'Batsman: jaiswal', 'Runs: 1', 'Length: Short', 'Length: Length', 'Shot Position: Backward-square-leg', 'Batsman: jaiswal']"
0.5,1,"stoinis to jaiswal ,  1 runanother shortish delivery - this time around leg  pulled hard to fine-leg","stoinis to jaiswal , wide , full and shaping down leg , wade has to dive full length to his right to reel that in","['Bowler: stoinis', 'Batsman: jaiswal', 'Runs: 1', 'Shot Position: Fine-leg', 'Batsman: jaiswal']","['Bowler: stoinis', 'Batsman: jaiswal', 'Length: Full', 'Field Activity: Dive', 'Length: Full', 'Length: Length', 'Batsman: jaiswal']"
0.5,1w,"stoinis to jaiswal , 1 wideslower ball , but entirely off his line  bowls this on the fuller side of a length another one and a half set of stumps outside leg - jaiswal even thinks of a swing before he misses - and wade dives to collect it  wide called","stoinis to jaiswal , 1 run , short of length on middle , pulled away towards deep backward-square-leg , looked like it stopped on him just a touch","['Bowler: stoinis', 'Batsman: jaiswal', 'Runs: 1', 'Length: Length', 'Batsman: jaiswal']","['Bowler: stoinis', 'Batsman: jaiswal', 'Runs: 1', 'Length: Short', 'Length: Length', 'Shot Position: Backward-square-leg', 'Batsman: jaiswal']"
0.5,1w,"stoinis to jaiswal , 1 wideslower ball , but entirely off his line  bowls this on the fuller side of a length another one and a half set of stumps outside leg - jaiswal even thinks of a swing before he misses - and wade dives to collect it  wide called","stoinis to jaiswal , wide , full and shaping down leg , wade has to dive full length to his right to reel that in","['Bowler: stoinis', 'Batsman: jaiswal', 'Runs: 1', 'Length: Length', 'Batsman: jaiswal']","['Bowler: stoinis', 'Batsman: jaiswal', 'Length: Full', 'Field Activity: Dive', 'Length: Full', 'Length: Length', 'Batsman: jaiswal']"
0.4,1,"stoinis to gaikwad ,  1 runon a few bounces to the man at fine-leg , who takes a few steps to his left to collect that  on a short of a length around off , as gaikwad swivelled to pull it high","stoinis to gaikwad , 1 run , short of length on middle , short-arm jabbed towards deep backward-square-leg , fielder takes it on the bounce","['Bowler: stoinis', 'Batsman: gaikwad', 'Runs: 1', 'Length: Short', 'Length: Length', 'Shot Type: Pull', 'Shot Position: Fine-leg', 'Batsman: gaikwad']","['Bowler: stoinis', 'Batsman: gaikwad', 'Runs: 1', 'Length: Short', 'Length: Length', 'Shot Position: Backward-square-leg', 'Batsman: gaikwad']"
0.3,4,"stoinis to gaikwad , four runsleans into the drive to bisect the gap between extra-cover and cover  presents the full face of the bat at this length ball shaping away to end around seventh stump , as the ball teases inglis from cover all the way back","stoinis to gaikwad , four , oh that'll feel amazing  pitched up full just outside-off , gaikwad pressed forward , got his weight moving into the ball nicely and punched that with sublime timing through cover , found the gap as well and it beat the fielder to the fence","['Bowler: stoinis', 'Batsman: gaikwad', 'Outcome: Four', 'Shot Type: Drive', 'Length: Full', 'Length: Length', 'Shot Position: Extra-cover', 'Batsman: gaikwad']","['Bowler: stoinis', 'Batsman: gaikwad', 'Outcome: Four', 'Length: Full', 'Line: Outside-off', 'Shot Position: Cover', 'Batsman: gaikwad']"
0.2,1,"stoinis to jaiswal ,  1 runthere is a deep backward-point early on for jaiswal , and he guides this short of a length ball around off stump to the man there  he almost seemed to be cramped for room on this ball","stoinis to jaiswal , 1 run , just short of length on outside-off , jaiswal says leg-side and cuts it away towards deep-point","['Bowler: stoinis', 'Batsman: jaiswal', 'Runs: 1', 'Length: Short', 'Length: Length', 'Shot Position: Backward-point', 'Batsman: jaiswal']","['Bowler: stoinis', 'Batsman: jaiswal', 'Runs: 1', 'Length: Short', 'Length: Length', 'Line: Outside-off', 'Shot Position: Deep-point', 'Batsman: jaiswal']"
0.1,•,"stoinis to jaiswal , no runah , some swing right away  this was angled across , but swung back in and landed on a length on middle-stump  jaiswal nudged it to mid-onsee all photos","stoinis to jaiswal , no run , full and straight on middle , hint of swing back in , pushed towards mid-on","['Bowler: stoinis', 'Batsman: jaiswal', 'Length: Length', 'Line: Middle-stump', 'Batsman: jaiswal']","['Bowler: stoinis', 'Batsman: jaiswal', 'Length: Full', 'Shot Position: Mid-on', 'Batsman: jaiswal']"
